obec,kraj,odberatelu,mist,lokalit,vykon,teplo_mnozstvi,teplo_cena,uhli,pod_uhli,plyn,pod_plyn,biomasa,pod_biomasa,olej,pod_olej,ostatni,pod_ostatni
Abertamy,K,2,1,1,0.81,1764.0,570.27,0.0,0.0,1764.0,1.0,0.0,0.0,0.0,0.0,0.0,0.0
Adamov,B,41,32,4,11.753,51352.0,400.72131406761173,0.0,0.0,51352.0,1.0,0.0,0.0,0.0,0.0,0.0,0.0
Andělská Hora,T,1,1,1,0.192,917.0,558.9,0.0,0.0,917.0,1.0,0.0,0.0,0.0,0.0,0.0,0.0
Arnoltice,M,3,2,1,0.18,1062.0,402.55,1062.0,1.0,0.0,0.0,0.0,0.0,0.0,0.0,0.0,0.0
Aš,K,61,84,2,16.069,48500.0,565.4846416494846,0.0,0.0,47812.081600000005,0.9858161154639177,329.02799999999996,0.006784082474226803,358.8904,0.00739980206185567,0.0,0.0
Babice,Z,2,2,2,1.36,6224.0,305.6315327763496,0.0,0.0,6224.0,1.0,0.0,0.0,0.0,0.0,0.0,0.0
Batelov,J,2,2,2,0.252,714.0,505.41375350140055,0.0,0.0,714.0,1.0,0.0,0.0,0.0,0.0,0.0,0.0
Bechyně,C,38,58,1,7.3,30596.0,555.84,0.0,0.0,125.44359999999999,0.0040999999999999995,30470.5564,0.9959,0.0,0.0,0.0,0.0
Benešov,S,58,160,5,68.93299999999999,109257.0,574.0741839882113,0.0,0.0,106371.8771,0.9735932443687818,0.0,0.0,0.0,0.0,2885.1229000000003,0.02640675563121814
Benešov nad Ploučnicí,U,14,18,2,3.657,15424.0,607.2268516597511,0.0,0.0,15424.0,1.0,0.0,0.0,0.0,0.0,0.0,0.0
Benátky nad Jizerou,S,13,29,2,9.301,22476.0,704.7823051254671,0.0,0.0,22476.0,1.0,0.0,0.0,0.0,0.0,0.0,0.0
Beroun,S,193,199,6,40.351,139616.0,678.8101611563144,0.0,0.0,139616.0,1.0,0.0,0.0,0.0,0.0,0.0,0.0
Bezdružice,P,7,9,2,2.07,5331.0,519.6770211967736,0.0,0.0,5331.0,1.0,0.0,0.0,0.0,0.0,0.0,0.0
Bečov,U,7,24,2,8.34,31704.0,395.49963916225084,0.0,0.0,31704.0,1.0,0.0,0.0,0.0,0.0,0.0,0.0
Blansko,B,138,158,36,30.971999999999994,102394.0,525.0095712639412,0.0,0.0,102394.0,1.0,0.0,0.0,0.0,0.0,0.0,0.0
Blatná,C,11,51,3,9.634,38399.0,413.9808586161098,0.0,0.0,38399.0,1.0,0.0,0.0,0.0,0.0,0.0,0.0
Bludov,M,2,2,1,0.18,602.0,494.66651162790697,0.0,0.0,602.0,1.0,0.0,0.0,0.0,0.0,0.0,0.0
Bochov,K,11,17,1,1.88,8825.0,546.3171138810198,0.0,0.0,8337.86,0.9448000000000001,0.0,0.0,487.13999999999993,0.05519999999999999,0.0,0.0
Bohumín,T,39,282,5,42.628,342704.0,530.1997972302629,304241.7075,0.8877681833302209,18762.0445,0.054747083488958403,10253.4276,0.029919194406835055,107.2216,0.00031286941500536906,9320.3616,0.027196535785984407
Bohušovice nad Ohří,U,9,9,9,0.97,4773.0,561.0472051120888,0.0,0.0,4773.0,1.0,0.0,0.0,0.0,0.0,0.0,0.0
Bojkovice,Z,1,1,1,1.274,10870.0,210.39,0.0,0.0,10870.0,1.0,0.0,0.0,0.0,0.0,0.0,0.0
Bolatice,T,1,4,1,0.732,1981.0,665.6,0.0,0.0,1981.0,1.0,0.0,0.0,0.0,0.0,0.0,0.0
Boletice u Českého Krumlova,C,1,3,1,0.204,495.0,764.32,0.0,0.0,0.0,0.0,0.0,0.0,0.0,0.0,495.0,1.0
Bor,P,28,25,1,5.4,17203.0,586.5,0.0,0.0,17203.0,1.0,0.0,0.0,0.0,0.0,0.0,0.0
Bor u Tachova,P,1,14,1,1.959,4107.0,559.81,0.0,0.0,4107.0,1.0,0.0,0.0,0.0,0.0,0.0,0.0
Borohrádek,H,7,11,2,1.6039999999999999,2977.0,530.4950083977159,933.8912000000001,0.31370211622438704,2043.1088,0.6862978837756131,0.0,0.0,0.0,0.0,0.0,0.0
Borovany,C,58,34,7,4.3,16074.0,524.1443175314172,0.0,0.0,16074.0,1.0,0.0,0.0,0.0,0.0,0.0,0.0
Boskovice,B,40,59,8,15.038,27546.0,719.0397161112321,0.0,0.0,27546.0,1.0,0.0,0.0,0.0,0.0,0.0,0.0
Bouzov,M,195,129,2,0.65,27689.0,371.4249972913431,0.0,0.0,0.0,0.0,27689.0,1.0,0.0,0.0,0.0,0.0
Bořetice,B,1,9,1,0.696,3398.0,211.59999999999997,0.0,0.0,0.0,0.0,3199.5568,0.9416,198.4432,0.0584,0.0,0.0
Brandýs nad Labem,S,55,83,11,16.283,50064.0,532.2897884707576,0.0,0.0,50064.0,1.0,0.0,0.0,0.0,0.0,0.0,0.0
Brandýs nad Orlicí,E,3,6,1,1.182,2759.0,588.37,0.0,0.0,2759.0,1.0,0.0,0.0,0.0,0.0,0.0,0.0
Brandýsek,S,1,6,1,0.551,2532.0,386.06,0.0,0.0,2532.0,1.0,0.0,0.0,0.0,0.0,0.0,0.0
Bratronice,S,5,5,1,0.345,502.0,491.49,0.0,0.0,502.0,1.0,0.0,0.0,0.0,0.0,0.0,0.0
Braňany,U,10,39,1,4.54,15316.0,675.7713920083572,15316.0,1.0,0.0,0.0,0.0,0.0,0.0,0.0,0.0,0.0
Brno,B,2382,4442,140,1274.0069999999982,4949683.0,515.5068925787773,0.0,0.0,3034162.6356000006,0.6130014054637439,47831.245900000016,0.009663496813836363,0.0,0.0,1868064.4674,0.3774109306393965
Brnířov,P,1,2,1,0.17600000000000002,652.0,673.47,652.0,1.0,0.0,0.0,0.0,0.0,0.0,0.0,0.0,0.0
Brněnec,E,2,5,1,0.545,633.0,670.0,0.0,0.0,0.0,0.0,633.0,1.0,0.0,0.0,0.0,0.0
Brodek,M,6,12,1,1.609,4060.0,422.95,0.0,0.0,4060.0,1.0,0.0,0.0,0.0,0.0,0.0,0.0
Broumov,H,29,48,2,10.352,29274.0,500.24225490196085,0.0,0.0,29274.0,1.0,0.0,0.0,0.0,0.0,0.0,0.0
Broumy,S,1,1,1,0.295,635.0,760.5,0.0,0.0,0.0,0.0,0.0,0.0,0.0,0.0,635.0,1.0
Brtnice,J,7,12,2,2.367,11056.0,482.9250443198263,0.0,0.0,11056.0,1.0,0.0,0.0,0.0,0.0,0.0,0.0
Brumov,Z,15,20,1,4.445,14020.0,672.75,0.0,0.0,5150.948,0.3674,8869.052,0.6325999999999999,0.0,0.0,0.0,0.0
Bruntál,T,133,215,4,53.759,318745.0,411.67629358891907,130954.51200000002,0.4108441293196757,187790.488,0.5891558706803245,0.0,0.0,0.0,0.0,0.0,0.0
Budišov nad Budišovkou,T,19,33,1,3.4419999999999997,10406.0,619.26,0.0,0.0,10406.0,1.0,0.0,0.0,0.0,0.0,0.0,0.0
Budyně nad Ohří,U,1,2,1,0.21899999999999997,885.0,606.69,0.0,0.0,885.0,1.0,0.0,0.0,0.0,0.0,0.0,0.0
Budíškovice,C,7,7,1,0.637,1728.0,123.34000000000002,0.0,0.0,0.0,0.0,1728.0,1.0,0.0,0.0,0.0,0.0
Buk,C,1,1,1,0.025,54.0,505.79,0.0,0.0,54.0,1.0,0.0,0.0,0.0,0.0,0.0,0.0
Bukovany,K,22,28,1,0.0,21268.0,584.2,21229.717599999996,0.9981999999999999,38.282399999999996,0.0017999999999999997,0.0,0.0,0.0,0.0,0.0,0.0
Bučovice,B,6,25,1,3.042,11431.0,548.4282276266293,0.0,0.0,11431.0,1.0,0.0,0.0,0.0,0.0,0.0,0.0
Buštěhrad,S,1,1,1,0.24,644.0,408.29,0.0,0.0,644.0,1.0,0.0,0.0,0.0,0.0,0.0,0.0
Bystřice,S,14,29,2,3.685,11219.0,522.0152803280149,6089.0,0.5427399946519298,5130.0,0.45726000534807026,0.0,0.0,0.0,0.0,0.0,0.0
Bystřice nad Pernštejnem,J,14,75,2,17.883000000000003,86988.0,395.14620062537364,0.0,0.0,47088.576,0.5413226651951993,39899.424000000006,0.4586773348048007,0.0,0.0,0.0,0.0
Bystřice pod Hostýnem,Z,31,51,8,18.202,70834.0,501.6679594544993,39171.301699999996,0.5530014075161646,25309.0,0.3573001665866674,6353.6983,0.08969842589716803,0.0,0.0,0.0,0.0
Byšice,S,3,3,1,0.495,1314.0,558.07,0.0,0.0,1314.0,1.0,0.0,0.0,0.0,0.0,0.0,0.0
Bzenec,B,1,1,1,0.78,3120.0,458.0,0.0,0.0,3120.0,1.0,0.0,0.0,0.0,0.0,0.0,0.0
Bílina,U,10,27,1,0.0,48349.0,488.68,48155.60399999999,0.9959999999999999,72.5235,0.0015,106.3678,0.0022,14.5047,0.0003,0.0,0.0
Bílovec,T,19,47,17,5.944999999999999,24086.0,452.13876235157346,0.0,0.0,24086.0,1.0,0.0,0.0,0.0,0.0,0.0,0.0
Bělá nad Radbuzou,P,2,5,1,1.98,8193.0,768.2085536433541,661.9944,0.08080000000000001,7531.0056,0.9192,0.0,0.0,0.0,0.0,0.0,0.0
Břasy,P,10,8,1,1.4469999999999998,2961.0,643.455349544073,0.0,0.0,2961.0,1.0,0.0,0.0,0.0,0.0,0.0,0.0
Břeclav,B,110,124,17,54.57099999999999,240648.0,562.0398019513979,0.0,0.0,240648.0,1.0,0.0,0.0,0.0,0.0,0.0,0.0
Březnice,S,31,31,8,5.386,25099.0,556.5783003306905,0.0,0.0,23779.8256,0.9474411570182079,1319.1744,0.05255884298179211,0.0,0.0,0.0,0.0
Březno u Chomutova,U,1,17,1,0.94,5237.0,786.1023143020813,0.0,0.0,5237.0,1.0,0.0,0.0,0.0,0.0,0.0,0.0
Březová u Sokolova,K,43,55,1,0.0,27645.0,597.7458563935612,27595.238999999998,0.9981999999999999,49.760999999999996,0.0018,0.0,0.0,0.0,0.0,0.0,0.0
Břidličná,T,23,82,3,7.614999999999999,27975.0,595.2393422698838,11441.0865,0.4089753887399464,16533.9135,0.5910246112600536,0.0,0.0,0.0,0.0,0.0,0.0
Chabařovice,U,6,10,6,1.2320000000000002,5443.0,419.7970622818299,0.0,0.0,5443.0,1.0,0.0,0.0,0.0,0.0,0.0,0.0
Chbany,U,7,23,1,0.818,5897.0,590.03,4522.999,0.767,0.0,0.0,1374.001,0.23299999999999998,0.0,0.0,0.0,0.0
Cheb,K,281,392,3,80.715,243855.0,561.6324586332041,2807.0096,0.011510978245268704,237821.76040000003,0.9752589054971194,2675.1333,0.010970180230054746,506.1063,0.00207543950298333,44.9904,0.00018449652457402964
Chelčice,C,3,4,1,8.4,36704.0,698.52,0.0,0.0,0.0,0.0,36704.0,1.0,0.0,0.0,0.0,0.0
Chlum u Třeboně,C,16,19,1,5.86,5713.0,705.43,0.0,0.0,5713.0,1.0,0.0,0.0,0.0,0.0,0.0,0.0
Chlumec,U,37,39,25,10.815,23200.0,510.0908935344828,0.0,0.0,23200.0,1.0,0.0,0.0,0.0,0.0,0.0,0.0
Chlumčany,P,13,15,2,7.341000000000001,42565.0,162.63378245037003,0.0,0.0,42565.0,1.0,0.0,0.0,0.0,0.0,0.0,0.0
Chodov,K,171,194,2,0.0,1507898.0,303.9794928635757,953896.2747999999,0.6325999999999999,9650.5472,0.0064,0.0,0.0,0.0,0.0,544351.178,0.361
Chodová Planá,P,1,1,1,0.046,83.0,1078.3,0.0,0.0,83.0,1.0,0.0,0.0,0.0,0.0,0.0,0.0
Chomutov,U,397,606,5,84.3,847734.0,475.6363748888212,844054.2495,0.9956593099958242,2537.2039999999997,0.002992924667407465,999.7543,0.0011793254723769483,142.79219999999998,0.00016843986439142464,0.0,0.0
Chomutov Jirkov Klášterec nad Ohří,U,194,624,1,0.15,950961.0,422.0261272754613,947157.156,0.996,1426.4415,0.0014999999999999998,2092.1142,0.0022,285.2883,0.0003,0.0,0.0
Chotěboř,J,43,74,4,13.6,52245.0,476.6761106325964,0.0,0.0,52088.434499999996,0.9970032443296009,0.0,0.0,16.8609,0.0003227275337352857,139.7046,0.0026740281366637955
Chrastava,L,11,41,3,5.548,25460.0,471.58804713275725,0.0,0.0,25460.0,1.0,0.0,0.0,0.0,0.0,0.0,0.0
Chropyně,Z,40,63,1,11.26,35666.0,440.45,0.0,0.0,35666.0,1.0,0.0,0.0,0.0,0.0,0.0,0.0
Chrudim,E,22,21,3,4.092,20789.0,467.10485737649725,5745.5217,0.27637316369233733,15040.660800000001,0.7234913079032181,0.0,0.0,4.4939,0.00021616720380970706,0.0,0.0
Chrášťany,S,5,7,2,0.7939999999999999,1455.0,465.57338144329896,0.0,0.0,0.0,0.0,1032.96,0.7099381443298969,422.04,0.2900618556701031,0.0,0.0
Chuderov,U,2,2,2,0.099,288.0,463.9933333333334,0.0,0.0,288.0,1.0,0.0,0.0,0.0,0.0,0.0,0.0
Chvaletice,E,28,32,1,2055.8,44261.0,205.19278235918756,44194.608499999995,0.9984999999999998,4.4261,0.0001,0.0,0.0,66.3915,0.0014999999999999998,0.0,0.0
Chvaletice Trnávka,E,31,68,1,0.0,24293.0,550.5767360968181,24256.5605,0.9984999999999999,2.4293,0.0001,0.0,0.0,36.439499999999995,0.0014999999999999998,0.0,0.0
Chvatěruby,S,200,200,1,0.0,5461.0,574.8,0.0,0.0,4208.2466,0.7706000000000001,0.0,0.0,2.7305,0.0005,1250.0229000000002,0.22890000000000002
Chýnov,C,3,3,1,0.605,5011.0,80.0,0.0,0.0,0.0,0.0,5011.0,1.0,0.0,0.0,0.0,0.0
Chříč,P,1,1,1,0.5660000000000001,2826.0,431.25,0.0,0.0,0.0,0.0,2826.0,1.0,0.0,0.0,0.0,0.0
Citice,K,3,3,1,0.0,3826.0,584.16,3819.1131999999993,0.9981999999999999,6.886799999999999,0.0017999999999999997,0.0,0.0,0.0,0.0,0.0,0.0
Cizkrajov,C,1,1,1,0.725,7937.0,299.0,0.0,0.0,0.0,0.0,7937.0,1.0,0.0,0.0,0.0,0.0
Cvikov,L,21,12,2,3.107,11526.0,497.8718289085547,0.0,0.0,11526.0,1.0,0.0,0.0,0.0,0.0,0.0,0.0
Dačice,C,25,34,2,6.022,23937.0,447.1185127626687,0.0,0.0,23842.936,0.9960703513389314,0.0,0.0,0.0,0.0,94.064,0.003929648661068638
Desná,L,17,37,2,12.093,27722.0,560.0719724406608,0.0,0.0,27722.0,1.0,0.0,0.0,0.0,0.0,0.0,0.0
Dešná čp,C,95,79,1,2.7,3916.0,300.0,0.0,0.0,0.0,0.0,3916.0,1.0,0.0,0.0,0.0,0.0
Dlouhá Loučka,M,1,1,1,0.5670000000000001,2988.0,224.24,0.0,0.0,0.0,0.0,2988.0,1.0,0.0,0.0,0.0,0.0
Dlouhá Ves,P,6,6,1,0.34,1245.0,515.45,1245.0,1.0,0.0,0.0,0.0,0.0,0.0,0.0,0.0,0.0
Dobruška,H,95,95,1,15.0,56653.0,562.04,0.0,0.0,16554.0066,0.2922,40098.9934,0.7078,0.0,0.0,0.0,0.0
Dobřany,P,21,33,1,8.369,26516.0,667.0051825313019,0.0,0.0,26516.0,1.0,0.0,0.0,0.0,0.0,0.0,0.0
Dobřichovice,S,5,5,1,0.35,3215.0,697.67,0.0,0.0,3215.0,1.0,0.0,0.0,0.0,0.0,0.0,0.0
Dobříš,S,75,79,5,16.473,44567.0,559.2268712275899,0.0,0.0,44567.0,1.0,0.0,0.0,0.0,0.0,0.0,0.0
Doksy,L,19,26,2,3.5,9901.0,622.8273608726391,0.0,0.0,9750.0,0.9847490152509848,0.0,0.0,151.0,0.015250984749015251,0.0,0.0
Dolní Benešov,T,1,3,1,0.64,1809.0,644.14,0.0,0.0,1809.0,1.0,0.0,0.0,0.0,0.0,0.0,0.0
Dolní Beřkovice,S,6,9,1,0.0,2385.0,619.2758238993711,2376.1755,0.9963,0.0,0.0,0.0,0.0,8.586,0.0036000000000000003,0.0,0.0
Dolní Břežany,S,2,9,1,1.545,4756.0,446.36,0.0,0.0,4756.0,1.0,0.0,0.0,0.0,0.0,0.0,0.0
Dolní Cerekev,J,2,3,2,0.35,1422.0,471.82405063291145,0.0,0.0,1422.0,1.0,0.0,0.0,0.0,0.0,0.0,0.0
Dolní Dobrouč ev.č,E,1,1,1,0.696,1474.0,80.5,0.0,0.0,0.0,0.0,1415.04,0.96,58.96,0.04,0.0,0.0
Dolní Dvůr,H,1,1,1,0.04,95.0,825.58,0.0,0.0,0.0,0.0,0.0,0.0,95.0,1.0,0.0,0.0
Dolní Kounice,B,4,7,4,0.754,1564.0,449.99833759590786,0.0,0.0,1564.0,1.0,0.0,0.0,0.0,0.0,0.0,0.0
Dolní Lutyně,T,1,5,1,0.3,1418.0,653.15,0.0,0.0,1418.0,1.0,0.0,0.0,0.0,0.0,0.0,0.0
Dolní Moravice,T,1,1,1,0.135,624.0,402.35,0.0,0.0,624.0,1.0,0.0,0.0,0.0,0.0,0.0,0.0
Dolní Rožínka,J,8,12,1,4.342,4336.0,643.93,0.0,0.0,4336.0,1.0,0.0,0.0,0.0,0.0,0.0,0.0
Dolní Rychnov,K,5,8,1,0.0,1680.0,629.86,1676.9759999999997,0.9981999999999998,3.0239999999999996,0.0017999999999999997,0.0,0.0,0.0,0.0,0.0,0.0
Dolní Žandov,K,8,6,5,0.836,3571.0,535.3577289274713,0.0,0.0,3571.0,1.0,0.0,0.0,0.0,0.0,0.0,0.0
Domažlice,P,58,95,3,23.656999999999996,67363.0,538.8409212772591,0.0,0.0,67363.0,1.0,0.0,0.0,0.0,0.0,0.0,0.0
Drnovice u Lysic,B,3,3,3,0.161,427.0,421.0895784543325,0.0,0.0,427.0,1.0,0.0,0.0,0.0,0.0,0.0,0.0
Družec,S,1,2,1,0.16399999999999998,565.0,394.32,0.0,0.0,565.0,1.0,0.0,0.0,0.0,0.0,0.0,0.0
Dubá,L,3,3,1,0.45,1345.0,582.41,0.0,0.0,1345.0,1.0,0.0,0.0,0.0,0.0,0.0,0.0
Dubí,U,11,36,2,7.368,19358.0,535.2943279264387,0.0,0.0,19358.0,1.0,0.0,0.0,0.0,0.0,0.0,0.0
Duchcov,U,26,71,4,10.418000000000001,57719.0,418.0605774528318,0.0,0.0,57719.0,1.0,0.0,0.0,0.0,0.0,0.0,0.0
Dukovany,J,186,216,2,5776.85,49522.0,258.2069235895158,0.0,0.0,5.9014999999999995,0.00011916925810750776,5359.0985,0.10821651993053592,0.0,0.0,44157.0,0.8916643108113566
Dvorce u Bruntálu,T,5,16,1,2.45,7948.0,458.00791394061406,7948.0,1.0,0.0,0.0,0.0,0.0,0.0,0.0,0.0,0.0
Dvůr Králové nad Labem,H,166,326,2,69.46,175635.0,483.0384498533891,155069.46,0.8829075070458621,20450.879999999997,0.11643966179861644,0.0,0.0,114.66000000000003,0.0006528311555213939,0.0,0.0
Dýšina,P,1,1,1,0.2,491.0,1026.28,0.0,0.0,491.0,1.0,0.0,0.0,0.0,0.0,0.0,0.0
Dětenice,H,1,1,1,1.16,5783.0,121.0,0.0,0.0,0.0,0.0,5783.0,1.0,0.0,0.0,0.0,0.0
Dětmarovice,T,21,66,1,2073.74,534063.0,230.4768512141826,526799.7432,0.9864,6836.0064,0.0128,0.0,0.0,427.2504,0.0008,0.0,0.0
Děčín,U,232,371,12,92.25800000000002,296760.0,574.6931085388866,0.0,0.0,265434.816,0.8944427011726648,31325.184000000005,0.10555729882733524,0.0,0.0,0.0,0.0
Dříteň,C,178,198,1,2.0,8502.0,450.02,0.0,0.0,0.0,0.0,8502.0,1.0,0.0,0.0,0.0,0.0
Františkovy Lázně,K,43,86,2,32.75,128899.0,544.9909355386775,115970.485,0.8997004243632611,12928.515,0.10029957563673884,0.0,0.0,0.0,0.0,0.0,0.0
Frenštát pod Radhoštěm,T,27,69,1,15.234000000000002,52474.0,586.6260936844914,0.0,0.0,52474.0,1.0,0.0,0.0,0.0,0.0,0.0,0.0
Frymburk,C,1,2,1,0.47600000000000003,3201.0,242.74,0.0,0.0,3201.0,1.0,0.0,0.0,0.0,0.0,0.0,0.0
Fryšták,Z,1,1,1,0.37200000000000005,967.0,406.25,0.0,0.0,967.0,1.0,0.0,0.0,0.0,0.0,0.0,0.0
Frýdek,T,830,1162,7,161.064,1110792.0,507.0172535182104,652606.3385,0.5875144387968224,9863.329,0.008879546305698996,443215.7433,0.39900876428710325,0.0,0.0,5092.0,0.004584116558275537
Frýdlant,L,29,44,3,14.677,53586.0,432.73261747471355,0.0,0.0,53503.0292,0.9984516328891874,0.0,0.0,82.9708,0.0015483671108125255,0.0,0.0
Frýdlant nad Ostravicí,T,86,147,6,28.326999999999998,64183.0,616.8507978748268,48117.232800000005,0.7496881230232305,16065.7672,0.25031187697676954,0.0,0.0,0.0,0.0,0.0,0.0
Fulnek,T,21,21,14,2.583,8848.0,494.1326028481012,0.0,0.0,8848.0,1.0,0.0,0.0,0.0,0.0,0.0,0.0
Habartov,K,61,76,1,0.0,47978.0,664.36,47891.6396,0.9982000000000001,86.36039999999998,0.0017999999999999997,0.0,0.0,0.0,0.0,0.0,0.0
Hanušovice,M,29,40,4,7.241999999999999,17150.0,556.086313702624,0.0,0.0,17150.0,1.0,0.0,0.0,0.0,0.0,0.0,0.0
Hartmanice,P,90,79,1,5.153,12559.0,511.75,0.0,0.0,0.0,0.0,12559.0,1.0,0.0,0.0,0.0,0.0
Havlíčkův Brod,J,153,207,73,35.758,121409.0,414.09312909257136,0.0,0.0,120913.0,0.9959146356530405,0.0,0.0,496.0,0.004085364346959451,0.0,0.0
Havířov,T,186,936,2,2.362,627223.0,599.6131710412404,574199.0784,0.9154624087445773,4485.9303,0.00715205006831701,4608.8325,0.007347996645531175,0.0,0.0,43990.609899999996,0.0701355178301816
Havířov DIN,T,1,30,1,3.1,9801.0,548.1943720028568,0.0,0.0,9801.0,1.0,0.0,0.0,0.0,0.0,0.0,0.0
Hazlov,K,6,6,2,0.8979999999999999,3425.0,557.169398540146,0.0,0.0,3425.0,1.0,0.0,0.0,0.0,0.0,0.0,0.0
Haňovice,M,2,11,1,0.9279999999999999,739.0,277.92,0.0,0.0,0.0,0.0,699.2418000000001,0.9462000000000002,39.758199999999995,0.053799999999999994,0.0,0.0
Hejnice,L,24,27,4,4.6,34563.0,512.3511894222145,0.0,0.0,34563.0,1.0,0.0,0.0,0.0,0.0,0.0,0.0
Herálec,J,2,3,1,0.494,7262.0,55.79,0.0,0.0,0.0,0.0,7262.0,1.0,0.0,0.0,0.0,0.0
Heřmanova Huť,P,6,7,3,1.0459999999999998,3351.0,579.043270665473,0.0,0.0,3351.0,1.0,0.0,0.0,0.0,0.0,0.0,0.0
Heřmanův Městec,E,8,18,1,3.0789999999999997,11398.0,492.46751008948934,0.0,0.0,11398.0,1.0,0.0,0.0,0.0,0.0,0.0,0.0
Heřmánkovice,H,1,1,1,0.46399999999999997,1310.0,181.5,0.0,0.0,0.0,0.0,1310.0,1.0,0.0,0.0,0.0,0.0
Hlinsko,E,35,51,2,9.697999999999999,33108.0,539.5600655430711,0.0,0.0,956.0648,0.028877153558052433,32151.9352,0.9711228464419476,0.0,0.0,0.0,0.0
Hluboká nad Vltavou,C,9,16,1,3.46,9468.0,677.524505703422,0.0,0.0,9468.0,1.0,0.0,0.0,0.0,0.0,0.0,0.0
Hlubočky,M,12,25,2,20.28,14854.0,597.2613706745657,0.0,0.0,14854.0,1.0,0.0,0.0,0.0,0.0,0.0,0.0
Hluk,Z,10,11,10,1.424,4080.0,427.14517156862746,0.0,0.0,4080.0,1.0,0.0,0.0,0.0,0.0,0.0,0.0
Hlučín,T,77,97,19,17.651999999999997,88859.0,506.7381547170236,0.0,0.0,88859.0,1.0,0.0,0.0,0.0,0.0,0.0,0.0
Hnátnice,E,1,2,1,0.09,324.0,401.99,0.0,0.0,324.0,1.0,0.0,0.0,0.0,0.0,0.0,0.0
Hodkovice nad Mohelkou,L,21,33,3,3.995,25291.0,391.8377035309004,0.0,0.0,25291.0,1.0,0.0,0.0,0.0,0.0,0.0,0.0
Hodonice,B,2,4,2,5.836,54794.0,220.34045041427893,0.0,0.0,54794.0,1.0,0.0,0.0,0.0,0.0,0.0,0.0
Hodonín,B,246,495,6,278.458,976489.0,384.35439294247044,120160.09909999999,0.12305320295466717,8198.64,0.008396039279500332,840978.5035999999,0.8612268070608066,1737.4468,0.0017792794388876883,5331.9004,0.005460276971886013
Hodslavice,T,2,7,2,0.988,1562.0,367.6606338028169,0.0,0.0,1562.0,1.0,0.0,0.0,0.0,0.0,0.0,0.0
Holešov,Z,83,99,18,30.012999999999998,79346.0,496.60816197413857,19123.4194,0.2410130239709626,57924.0,0.7300178963022711,2298.5806,0.028969079726766312,0.0,0.0,0.0,0.0
Holice,E,10,10,2,1.9769999999999999,5249.0,536.1994856163079,0.0,0.0,5249.0,1.0,0.0,0.0,0.0,0.0,0.0,0.0
Holice v Čechách,E,0,0,1,0.867,1689.0,751.87,0.0,0.0,1689.0,1.0,0.0,0.0,0.0,0.0,0.0,0.0
Holoubkov,P,7,10,1,2.12,5572.0,574.68,0.0,0.0,5572.0,1.0,0.0,0.0,0.0,0.0,0.0,0.0
Holýšov,P,47,31,2,4.209,46434.0,549.0143890252832,0.0,0.0,46434.0,1.0,0.0,0.0,0.0,0.0,0.0,0.0
Horažďovice,P,28,63,8,16.857,36088.0,446.9304732875194,0.0,0.0,32252.0,0.8937042784305033,3836.0,0.10629572156949678,0.0,0.0,0.0,0.0
Horní Benešov,T,1,8,1,1.6,2745.0,334.1,263.52,0.09599999999999999,2481.4800000000005,0.9040000000000001,0.0,0.0,0.0,0.0,0.0,0.0
Horní Beřkovice,U,1,1,1,0.198,894.0,601.22,0.0,0.0,894.0,1.0,0.0,0.0,0.0,0.0,0.0,0.0
Horní Bříza,P,41,66,4,11.08,55307.0,445.5765333502089,0.0,0.0,55307.0,1.0,0.0,0.0,0.0,0.0,0.0,0.0
Horní Cerekev,J,2,2,2,0.188,272.0,454.7677205882353,0.0,0.0,272.0,1.0,0.0,0.0,0.0,0.0,0.0,0.0
Horní Město,T,2,8,1,0.59,2012.0,465.62,2012.0,1.0,0.0,0.0,0.0,0.0,0.0,0.0,0.0,0.0
Horní Planá,C,40,56,1,4.0,11689.0,559.23,0.0,0.0,0.0,0.0,11689.0,1.0,0.0,0.0,0.0,0.0
Horní Slavkov,K,62,103,1,18.4,84117.0,480.54407515722147,0.0,0.0,84117.0,1.0,0.0,0.0,0.0,0.0,0.0,0.0
Horní Suchá,T,12,27,3,5.941,12050.0,340.5048622406639,0.0,0.0,4265.0,0.35394190871369297,0.0,0.0,0.0,0.0,7785.0,0.6460580912863071
Horní Suchá DIN,T,3,40,1,4.62,10994.0,549.9217136619975,0.0,0.0,10994.0,1.0,0.0,0.0,0.0,0.0,0.0,0.0
Horoměřice,S,44,48,2,0.978,2705.0,794.2673197781886,0.0,0.0,2705.0,1.0,0.0,0.0,0.0,0.0,0.0,0.0
Hostinné,H,34,47,1,27.256,24049.0,447.31,0.0,0.0,24049.0,1.0,0.0,0.0,0.0,0.0,0.0,0.0
Hostivice,S,6,6,2,0.75,2662.0,698.778305785124,0.0,0.0,2662.0,1.0,0.0,0.0,0.0,0.0,0.0,0.0
Hostomice,S,1,2,1,0.26,1050.0,724.58,0.0,0.0,0.0,0.0,1050.0,1.0,0.0,0.0,0.0,0.0
Hostouň,P,6,6,2,1.22,3860.0,859.1131709844559,0.0,0.0,3807.8046,0.9864778756476684,52.1954,0.013522124352331607,0.0,0.0,0.0,0.0
Hostětin,Z,68,71,1,0.732,3052.0,480.0,0.0,0.0,0.0,0.0,3052.0,1.0,0.0,0.0,0.0,0.0
Hořice,H,16,44,2,9.151,30010.0,515.2167390869711,0.0,0.0,29339.1285,0.9776450683105631,0.0,0.0,670.8715,0.022354931689436853,0.0,0.0
Hořice na Šumavě,C,3,8,1,0.802,4537.0,662.6,4537.0,1.0,0.0,0.0,0.0,0.0,0.0,0.0,0.0,0.0
Hořovice,S,37,39,3,11.030999999999999,33161.0,526.781079279877,0.0,0.0,33161.0,1.0,0.0,0.0,0.0,0.0,0.0,0.0
Hoštka,U,3,3,1,0.22899999999999998,1121.0,677.32,0.0,0.0,1121.0,1.0,0.0,0.0,0.0,0.0,0.0,0.0
Hrabyně,T,14,7,2,7.003,35285.0,313.9408754428227,0.0,0.0,35285.0,1.0,0.0,0.0,0.0,0.0,0.0,0.0
Hradec Králové,H,874,1587,11,0.65,941416.0,496.9499225953245,938615.5089000001,0.9970252352838704,2143.0,0.0022763581668465375,0.0,0.0,657.4911000000001,0.0006984065492832075,0.0,0.0
"Hradec Králové Pardubice Chrudim Rybitví Lázně Bohdaneč 
Opatovice nad Labem Čeperka","E,H",1921,2617,1,1302.2,3294916.0,445.1235829623578,3292609.5587999998,0.9993,0.0,0.0,0.0,0.0,2306.4412,0.0007000000000000001,0.0,0.0
Hradec nad Moravicí,T,11,31,1,2.49,7140.0,551.9778151260504,0.0,0.0,7140.0,1.0,0.0,0.0,0.0,0.0,0.0,0.0
Hranice,M,63,99,3,49.717,100007.0,535.919364344496,44579.0,0.4457587968842181,55428.0,0.5542412031157818,0.0,0.0,0.0,0.0,0.0,0.0
Hranice na Moravě,M,1,1,1,0.081,248.0,349.97,0.0,0.0,248.0,1.0,0.0,0.0,0.0,0.0,0.0,0.0
Hranice u Aše,K,20,23,2,4.037,13011.0,533.1063131196679,0.0,0.0,13011.0,1.0,0.0,0.0,0.0,0.0,0.0,0.0
Hrob,U,1,4,1,1.08,1564.0,516.0630690537084,0.0,0.0,1564.0,1.0,0.0,0.0,0.0,0.0,0.0,0.0
Hrotovice,J,4,9,1,0.8240000000000001,7058.0,287.5,0.0,0.0,0.0,0.0,7058.0,1.0,0.0,0.0,0.0,0.0
Hrádek nad Nisou,L,31,34,2,5.675,22069.0,509.5578440346187,0.0,0.0,22069.0,1.0,0.0,0.0,0.0,0.0,0.0,0.0
Hrádek u Rokycan,P,12,15,3,2.8890000000000002,6695.0,569.5153756534727,0.0,0.0,6695.0,1.0,0.0,0.0,0.0,0.0,0.0,0.0
Hulín,Z,33,46,1,5.995,23716.0,522.354738151459,0.0,0.0,23383.976000000002,0.9860000000000001,332.024,0.014,0.0,0.0,0.0,0.0
Humpolec,J,36,73,4,11.277999999999999,51912.0,449.0127666050239,0.0,0.0,51912.0,1.0,0.0,0.0,0.0,0.0,0.0,0.0
Husinec,C,23,59,3,10.129,19115.0,637.3901721161391,0.0,0.0,19115.0,1.0,0.0,0.0,0.0,0.0,0.0,0.0
Hustopeče,B,13,25,6,7.991,13954.0,554.7132736133008,0.0,0.0,13954.0,1.0,0.0,0.0,0.0,0.0,0.0,0.0
Huzová,M,9,6,1,0.6,3343.0,457.94,3343.0,1.0,0.0,0.0,0.0,0.0,0.0,0.0,0.0,0.0
Hříšice,C,11,12,1,1.237,1401.0,272.0,0.0,0.0,0.0,0.0,1401.0,1.0,0.0,0.0,0.0,0.0
Ivančice,B,63,85,3,12.975999999999997,47051.0,553.9739365794563,0.0,0.0,47051.0,1.0,0.0,0.0,0.0,0.0,0.0,0.0
Jablonec nad Nisou,L,130,200,6,36.75200000000001,196136.0,536.6155255536976,0.0,0.0,196136.0,1.0,0.0,0.0,0.0,0.0,0.0,0.0
Jablonné v Podještědí,L,1,1,1,0.255,1318.0,378.73,0.0,0.0,1318.0,1.0,0.0,0.0,0.0,0.0,0.0,0.0
Jablunkov,T,24,58,2,4.725,29862.0,369.5209222423146,0.0,0.0,29862.0,1.0,0.0,0.0,0.0,0.0,0.0,0.0
Jamartice,T,1,1,1,0.08,701.0,322.02,701.0,1.0,0.0,0.0,0.0,0.0,0.0,0.0,0.0,0.0
Janov nad Nisou,L,1,1,1,0.11900000000000001,258.0,723.14,0.0,0.0,0.0,0.0,0.0,0.0,258.0,1.0,0.0,0.0
Janovice u Rýmařova,T,3,4,1,0.21,1276.0,367.94,1276.0,1.0,0.0,0.0,0.0,0.0,0.0,0.0,0.0,0.0
Janské Lázně,H,5,7,4,0.32,1804.0,609.3219179600887,986.265,0.546710088691796,2.5109999999999997,0.0013919068736141906,404.54999999999995,0.22425166297117513,410.8135,0.22772366962305984,0.0,0.0
Jaroměr,H,1,8,1,1.168,437.0,519.67,0.0,0.0,437.0,1.0,0.0,0.0,0.0,0.0,0.0,0.0
Jaroměř,H,54,68,23,28.817,191932.0,365.3481062563825,0.0,0.0,166561.8712,0.8678170977221099,25370.1288,0.1321829022778901,0.0,0.0,0.0,0.0
Javorník,M,1,1,1,0.168,423.0,408.73999999999995,0.0,0.0,423.0,1.0,0.0,0.0,0.0,0.0,0.0,0.0
Jemnice,J,3,6,1,1.5130000000000001,4430.0,784.7111286681716,0.0,0.0,3884.667,0.8769,545.3330000000001,0.12310000000000001,0.0,0.0,0.0,0.0
Jesenice,S,11,14,3,1.4290000000000003,4326.0,519.8766296809986,3138.0,0.7253814147018031,0.0,0.0,0.0,0.0,1188.0,0.27461858529819694,0.0,0.0
Jesenice u Rakovníka,S,9,16,1,1.0659999999999998,1356.0,484.15000000000003,1356.0,1.0,0.0,0.0,0.0,0.0,0.0,0.0,0.0,0.0
Jeseník,M,39,71,7,16.816000000000003,36871.0,547.714991999132,0.0,0.0,36555.455799999996,0.9914419408206991,315.5442,0.008558059179300805,0.0,0.0,0.0,0.0
Jevíčko,E,2,1,1,0.7,4911.0,253.0,0.0,0.0,0.0,0.0,4911.0,1.0,0.0,0.0,0.0,0.0
Jezbořice,E,1,1,1,0.57,5372.0,217.8,0.0,0.0,0.0,0.0,5372.0,1.0,0.0,0.0,0.0,0.0
Jihlava,J,255,342,28,61.813,271817.0,561.7280103893428,0.0,0.0,237728.75720000002,0.8745912036406848,27749.728800000004,0.10208974714605784,0.0,0.0,6338.514,0.023319049213257448
Jilemnice,L,33,49,6,8.495,34996.0,474.196605040576,0.0,0.0,27895.0,0.7970910961252715,6473.3,0.18497256829351927,627.7,0.017936335581209283,0.0,0.0
Jince,S,4,4,1,0.36,762.0,779.8999999999999,0.0,0.0,762.0,1.0,0.0,0.0,0.0,0.0,0.0,0.0
Jindřichov,T,1,4,1,0.38,1662.0,463.44999999999993,0.0,0.0,1662.0,1.0,0.0,0.0,0.0,0.0,0.0,0.0
Jindřichův Hradec,C,204,262,5,73.291,244968.0,488.4019879739395,0.0,0.0,21865.969999999998,0.08926051565918813,223102.03,0.9107394843408119,0.0,0.0,0.0,0.0
Jičín,H,114,130,3,28.911,94820.0,548.8325983969627,0.0,0.0,94820.0,1.0,0.0,0.0,0.0,0.0,0.0,0.0
Jáchymov,K,1,19,1,14.217,63551.0,483.492133719375,0.0,0.0,63551.0,1.0,0.0,0.0,0.0,0.0,0.0,0.0
Jílové,U,26,38,2,10.245999999999999,23214.0,598.8356129921599,0.0,0.0,23214.0,1.0,0.0,0.0,0.0,0.0,0.0,0.0
Jílové u Držkova,L,2,2,1,0.542,7225.0,39.57,0.0,0.0,0.0,0.0,7225.0,1.0,0.0,0.0,0.0,0.0
Jílové u Prahy,S,3,3,1,0.872,2926.0,572.82,0.0,0.0,2926.0,1.0,0.0,0.0,0.0,0.0,0.0,0.0
Kadaň,U,271,348,3,0.0,656048.0,400.47607912835645,655391.952,0.9990000000000001,656.0480000000001,0.0010000000000000002,0.0,0.0,0.0,0.0,0.0,0.0
Kamenice,J,1,1,1,1.148,5275.0,181.5,0.0,0.0,0.0,0.0,5275.0,1.0,0.0,0.0,0.0,0.0
Kamenice nad Lipou,J,21,46,2,4.497,32552.0,395.78077383878104,2288.7927,0.07031189174244286,30155.608399999997,0.9263826615876136,0.0,0.0,0.0,0.0,105.6576,0.0032458097812730403
Kamenický Šenov,L,4,16,2,15.073,29915.0,318.7697158616079,0.0,0.0,29915.0,1.0,0.0,0.0,0.0,0.0,0.0,0.0
Kaplice,C,78,96,1,15.431,45320.0,648.4440675198588,45320.0,1.0,0.0,0.0,0.0,0.0,0.0,0.0,0.0,0.0
Kardašova Řečice,C,137,137,1,5.0,9148.0,528.33,0.0,0.0,0.0,0.0,9148.0,1.0,0.0,0.0,0.0,0.0
Karlova Studánka,T,54,13,1,2.353,1939.0,424.09211964930375,0.0,0.0,1939.0,1.0,0.0,0.0,0.0,0.0,0.0,0.0
Karlovy Vary,K,912,994,16,25.116,873686.0,566.5883269733063,536090.28,0.6135960516707376,30723.377700000005,0.035165239800111256,0.0,0.0,0.0,0.0,306872.3423000002,0.3512387085291514
Karolinka,Z,69,40,29,3.9639999999999986,13289.0,537.3580924072542,0.0,0.0,13289.0,1.0,0.0,0.0,0.0,0.0,0.0,0.0
Karpentná,T,2,5,1,0.85,1175.0,730.96,0.0,0.0,0.0,0.0,1175.0,1.0,0.0,0.0,0.0,0.0
Karviná,T,18,38,8,106.882,391309.0,480.9990519768265,265255.32519999996,0.6778666608741428,7930.607,0.02026686582726183,432.015,0.0011040252077003084,0.0,0.0,117691.0528,0.3007624480908949
Karviná DIN,T,1,2,1,0.147,611.0,549.66,0.0,0.0,611.0,1.0,0.0,0.0,0.0,0.0,0.0,0.0
Karviná a Havířov,T,664,2310,1,437.154,1968684.0,497.1293249399091,1846625.592,0.938,6890.393999999999,0.0034999999999999996,14765.13,0.0075,0.0,0.0,100402.88399999999,0.051
Kaznějov,P,24,31,4,5.082000000000001,30060.0,458.57720226214235,0.0,0.0,30060.0,1.0,0.0,0.0,0.0,0.0,0.0,0.0
Kašperské Hory,P,210,200,1,4.0,22030.0,445.41,0.0,0.0,0.0,0.0,22030.0,1.0,0.0,0.0,0.0,0.0
Kdyně,P,21,65,2,45.6,73095.0,526.4452626034613,73095.0,1.0,0.0,0.0,0.0,0.0,0.0,0.0,0.0,0.0
Kladno,S,482,714,9,979.965,1520128.0,464.7163316049701,1485987.7262000002,0.9775411848212783,32205.795299999998,0.021186239119337317,0.0,0.0,1934.4785,0.001272576059384473,0.0,0.0
Kladruby,S,45,47,2,0.9520000000000001,13009.0,212.38840187562454,0.0,0.0,9792.0,0.7527096625413175,3217.0,0.24729033745868245,0.0,0.0,0.0,0.0
Klatovy,P,183,206,4,64.44,154506.0,584.1698610409951,104856.87959999999,0.6786589491670225,32914.720199999996,0.2130319871072968,0.0,0.0,16719.3648,0.10821175099996116,0.0,0.0
Klecany,S,1,1,1,0.63,1919.0,636.0299999999999,0.0,0.0,1919.0,1.0,0.0,0.0,0.0,0.0,0.0,0.0
Klest,K,1,1,1,1.251,7118.0,180.0,0.0,0.0,0.0,0.0,7118.0,1.0,0.0,0.0,0.0,0.0
Klimkovice,T,6,6,6,1.8420000000000003,14015.0,231.80470424545135,0.0,0.0,14015.0,1.0,0.0,0.0,0.0,0.0,0.0,0.0
Klopina,M,5,7,1,1.788,7762.0,220.0,0.0,0.0,0.0,0.0,7762.0,1.0,0.0,0.0,0.0,0.0
Kloužovice,C,58,58,2,1.62,9148.0,167.9492785308264,0.0,0.0,0.0,0.0,9148.0,1.0,0.0,0.0,0.0,0.0
Klučenice,S,23,25,1,0.703,1941.0,276.0,0.0,0.0,0.0,0.0,1941.0,1.0,0.0,0.0,0.0,0.0
Klášterec nad Ohří,U,82,129,1,0.0,136045.0,568.43,135500.82,0.996,204.0675,0.0015,299.29900000000004,0.0022,40.8135,0.0003,0.0,0.0
Kněžice,S,161,161,1,1.605,8762.0,287.5,0.0,0.0,0.0,0.0,8762.0,1.0,0.0,0.0,0.0,0.0
Kobyly,L,1,1,1,0.25,360.0,776.8900000000001,0.0,0.0,0.0,0.0,0.0,0.0,360.0,1.0,0.0,0.0
Kojetin,M,7,7,1,22.0,297.0,300.0,297.0,1.0,0.0,0.0,0.0,0.0,0.0,0.0,0.0,0.0
Kojetín,M,40,76,3,9.847999999999999,30602.0,507.48539311156134,0.0,0.0,22756.2911,0.7436210411084242,7845.7089,0.2563789588915757,0.0,0.0,0.0,0.0
Koloveč,P,2,2,1,0.3,1217.0,740.338931799507,0.0,0.0,1217.0,1.0,0.0,0.0,0.0,0.0,0.0,0.0
Kolín,S,471,573,7,249.541,1022625.0,426.80805192519244,818410.3821000002,0.8003035150715073,22480.101899999998,0.021982742354235422,0.0,0.0,0.0,0.0,181660.5568,0.17764141967974575
Komořany,U,1,3,1,1076.0,1607264.0,278.36,1605656.7360000003,0.9990000000000002,1607.2640000000001,0.001,0.0,0.0,0.0,0.0,0.0,0.0
Konojedy,U,2,2,2,0.18,891.0,1027.3330976430977,0.0,0.0,0.0,0.0,0.0,0.0,0.0,0.0,891.0,1.0
Kopřivnice,T,122,237,8,197.29200000000003,531560.0,415.4953574384829,320434.8258,0.602819673790353,71096.0144,0.13374974490179847,139978.626,0.2633355143351644,0.0,0.0,0.0,0.0
Kosova Hora,S,2,2,1,0.924,105.0,290.0,0.0,0.0,0.0,0.0,105.0,1.0,0.0,0.0,0.0,0.0
Kostelec nad Labem,S,2,6,1,0.57,2664.0,495.03,0.0,0.0,2664.0,1.0,0.0,0.0,0.0,0.0,0.0,0.0
Kostelec nad Orlicí,H,7,8,4,2.4450000000000003,6533.0,545.0259207102403,0.0,0.0,5404.0,0.8271850604622685,1129.0,0.17281493953773153,0.0,0.0,0.0,0.0
Kostelec nad Černými lesy,S,5,6,2,3.25,3583.0,723.4577588612894,0.0,0.0,0.0,0.0,0.0,0.0,3583.0,1.0,0.0,0.0
Kouty,J,17,18,1,0.7829999999999999,840.0,313.95,0.0,0.0,0.0,0.0,798.0,0.95,42.0,0.05,0.0,0.0
Kovářská,U,10,30,3,3.342,20377.0,669.657563920106,316.35130000000004,0.015524920253226679,0.0,0.0,18909.6094,0.9279878981204299,1151.0393,0.05648718162634342,0.0,0.0
Kozlovice,T,1,1,1,0.09,302.0,470.06999999999994,0.0,0.0,302.0,1.0,0.0,0.0,0.0,0.0,0.0,0.0
Kozolupy,P,1,2,1,0.16699999999999998,399.0,468.78000000000003,0.0,0.0,399.0,1.0,0.0,0.0,0.0,0.0,0.0,0.0
Kožichovice,J,1,1,1,0.379,553.0,242.0,0.0,0.0,0.0,0.0,553.0,1.0,0.0,0.0,0.0,0.0
Krahulov,J,1,1,1,1.249,2961.0,330.0,0.0,0.0,0.0,0.0,2961.0,1.0,0.0,0.0,0.0,0.0
Krajková,K,6,6,1,0.34,2580.0,609.4768720930233,2580.0,1.0,0.0,0.0,0.0,0.0,0.0,0.0,0.0,0.0
Kralovice,P,57,44,3,6.866999999999999,19971.0,548.8872920735066,0.0,0.0,19971.0,1.0,0.0,0.0,0.0,0.0,0.0,0.0
Kralupy nad Vltavou,S,151,251,7,512.4,4862893.0,282.3506148253725,0.0,0.0,3501533.7544000004,0.7200515730862267,0.0,0.0,4981.4999,0.0010243901932450498,1356377.7457,0.2789240367205283
Kraslice,K,46,68,4,14.889,76005.0,429.32218261956456,0.0,0.0,76005.0,1.0,0.0,0.0,0.0,0.0,0.0,0.0
Krnov,T,292,624,4,101.316,338241.0,449.5197383522399,83167.147,0.24588133017582137,15254.4595,0.045099380323497154,239819.39349999998,0.7090192895006814,0.0,0.0,0.0,0.0
Kroměříž,Z,2,2,2,1.1400000000000001,1442.0,604.1897919556171,0.0,0.0,1442.0,1.0,0.0,0.0,0.0,0.0,0.0,0.0
Krupka,U,25,104,4,18.266,68272.0,490.84775705999533,745.4909999999999,0.010919425240215606,61720.509000000005,0.9040383905554255,5806.0,0.08504218420435904,0.0,0.0,0.0,0.0
Královské Poříčí,K,19,37,1,0.0,9972.0,602.8542478941035,6308.2872,0.6325999999999999,63.8208,0.0063999999999999994,0.0,0.0,0.0,0.0,3599.8920000000003,0.36100000000000004
Krásná Lípa,U,3,11,1,2.8,6827.0,559.57,0.0,0.0,6827.0,1.0,0.0,0.0,0.0,0.0,0.0,0.0
Kunovice,Z,4,16,1,2.151,6143.0,357.64,0.0,0.0,6143.0,1.0,0.0,0.0,0.0,0.0,0.0,0.0
Kunín  BDD,T,1,1,1,0.14400000000000002,314.0,479.71,0.0,0.0,314.0,1.0,0.0,0.0,0.0,0.0,0.0,0.0
Kunčina,E,5,5,2,1.6239999999999999,996.0,127.39,0.0,0.0,0.0,0.0,996.0,1.0,0.0,0.0,0.0,0.0
Kunštát,B,1,2,1,0.78,1976.0,589.95,0.0,0.0,1976.0,1.0,0.0,0.0,0.0,0.0,0.0,0.0
Kutná Hora,S,80,112,5,83.27,293807.0,453.78185846491067,811.0,0.002760315445173192,12013.9631,0.04089066325853367,280982.0369,0.9563490212962932,0.0,0.0,0.0,0.0
Kuřim,B,29,29,29,6.0870000000000015,23129.0,421.6380664966059,0.0,0.0,23129.0,1.0,0.0,0.0,0.0,0.0,0.0,0.0
Kvasiny,H,1,1,1,4.476,72223.0,373.37,0.0,0.0,72223.0,1.0,0.0,0.0,0.0,0.0,0.0,0.0
Kyjov,B,111,120,3,54.576,131479.0,429.32217137337517,0.0,0.0,37617.2017,0.2861080606028339,0.0,0.0,0.0,0.0,93861.7983,0.713891939397166
Kynšperk nad Ohří,K,10,15,1,1.79,7213.0,560.98,0.0,0.0,7213.0,1.0,0.0,0.0,0.0,0.0,0.0,0.0
Kyselka,K,1,1,1,7.57,710.0,597.17,0.0,0.0,710.0,1.0,0.0,0.0,0.0,0.0,0.0,0.0
Káraný,S,1,4,1,0.6,780.0,552.0,0.0,0.0,780.0,1.0,0.0,0.0,0.0,0.0,0.0,0.0
Křišťanovice,T,1,2,1,0.16,1414.0,402.64,1414.0,1.0,0.0,0.0,0.0,0.0,0.0,0.0,0.0,0.0
Křižany,L,1,1,1,0.5,834.0,289.26,0.0,0.0,0.0,0.0,834.0,1.0,0.0,0.0,0.0,0.0
Křovoklát,S,4,4,1,0.28,1121.0,741.26,0.0,0.0,0.0,0.0,0.0,0.0,1121.0,1.0,0.0,0.0
Lanškroun,E,23,37,12,8.369,26807.0,513.2055563845265,0.0,0.0,26807.0,1.0,0.0,0.0,0.0,0.0,0.0,0.0
Ledeč nad Sázavou,J,40,47,2,8.754999999999999,29414.0,650.9384826953152,23157.0,0.7872781668593187,6257.0,0.2127218331406813,0.0,0.0,0.0,0.0,0.0,0.0
Ledvice,U,98,147,3,2210.672,1432315.0,283.59833565940454,1090164.9271000002,0.761120931568824,342150.0729,0.23887906843117612,0.0,0.0,0.0,0.0,0.0,0.0
Lenora,C,3,5,2,0.662,2146.0,514.3454240447344,0.0,0.0,2146.0,1.0,0.0,0.0,0.0,0.0,0.0,0.0
Leskovec nad Moravicí,T,6,6,1,0.505,1218.0,968.01,1218.0,1.0,0.0,0.0,0.0,0.0,0.0,0.0,0.0,0.0
Lesná,P,9,8,1,0.5,2142.0,752.0,2142.0,1.0,0.0,0.0,0.0,0.0,0.0,0.0,0.0,0.0
Letohrad,E,6,7,1,3.156,10231.0,706.0999999999999,0.0,0.0,10231.0,1.0,0.0,0.0,0.0,0.0,0.0,0.0
Letovice,B,7,9,1,2.82,5119.0,651.32,0.0,0.0,5119.0,1.0,0.0,0.0,0.0,0.0,0.0,0.0
Lhenice,C,6,9,4,1.48,4266.0,577.9300586029067,0.0,0.0,4266.0,1.0,0.0,0.0,0.0,0.0,0.0,0.0
Libavské Údolí,K,8,8,1,0.774,3296.0,578.03,0.0,0.0,3296.0,1.0,0.0,0.0,0.0,0.0,0.0,0.0
Liberec,L,530,705,30,247.643,1327007.0,435.4350868533474,0.0,0.0,374280.2172,0.28204841210332726,191.61379999999997,0.00014439547040821936,862.5861,0.0006500237753078921,951671.1936000001,0.7171561217084764
Libina,M,6,21,2,1.592,4640.0,589.2601077586206,695.085,0.14980280172413793,3944.915,0.850197198275862,0.0,0.0,0.0,0.0,0.0,0.0
Libochovice,U,11,19,2,3.238,14934.0,641.129246685416,0.0,0.0,14934.0,1.0,0.0,0.0,0.0,0.0,0.0,0.0
Libouchec,U,1,1,1,2.053,3229.0,1279.1,0.0,0.0,1636.4572,0.5068,1592.5428,0.49319999999999997,0.0,0.0,0.0,0.0
Libčice,S,3,6,1,0.865,3504.0,630.76,0.0,0.0,3504.0,1.0,0.0,0.0,0.0,0.0,0.0,0.0
Liběchov,S,4,4,1,0.361,908.0,830.4,0.0,0.0,0.0,0.0,0.0,0.0,908.0,1.0,0.0,0.0
Liběšice,U,3,3,1,0.26,1287.0,564.5,0.0,0.0,1287.0,1.0,0.0,0.0,0.0,0.0,0.0,0.0
Lipno nad Vltavou,C,1,1,1,0.10800000000000001,316.0,566.27,0.0,0.0,316.0,1.0,0.0,0.0,0.0,0.0,0.0,0.0
Lipník nad Bečvou,M,30,51,6,5.952,40765.0,513.1629760824236,0.0,0.0,40765.0,1.0,0.0,0.0,0.0,0.0,0.0,0.0
Litomyšl,E,23,31,4,6.941000000000001,16298.0,571.6471916799608,0.0,0.0,16298.0,1.0,0.0,0.0,0.0,0.0,0.0,0.0
Litoměřice,U,292,319,10,43.566,273492.0,553.210548425548,268528.0,0.9818495604990274,4581.0,0.016750032907726736,0.0,0.0,0.0,0.0,383.0,0.001400406593245872
Litovel,M,47,118,2,17.816,52049.0,515.9144429287786,0.0,0.0,52049.0,1.0,0.0,0.0,0.0,0.0,0.0,0.0
Litvínov,U,343,455,6,1386.0979999999997,2839327.0,294.93955208751936,2534262.9842000003,0.8925576322135493,10873.600799999998,0.0038296401929048675,1041.382,0.0003667707171452954,0.0,0.0,293149.033,0.10324595687640063
Lišov,C,9,12,2,1.486,7256.0,577.2949683020948,0.0,0.0,7256.0,1.0,0.0,0.0,0.0,0.0,0.0,0.0
Loket,K,7,19,1,1.371,8543.0,475.01,0.0,0.0,8481.4904,0.9928,61.5096,0.0072,0.0,0.0,0.0,0.0
Lomnice nad Popelkou,L,14,23,2,3.741,12007.0,437.77997168318484,0.0,0.0,12007.0,1.0,0.0,0.0,0.0,0.0,0.0,0.0
Louny,U,156,167,5,35.77,149540.0,538.7774020329009,0.0,0.0,149529.73619999998,0.9999313641834959,10.263800000000002,6.863581650394544e-05,0.0,0.0,0.0,0.0
Loučka,M,1,1,1,0.1,241.0,713.0,241.0,1.0,0.0,0.0,0.0,0.0,0.0,0.0,0.0,0.0
Loučná nad Desnou,M,7,7,1,1.564,3172.0,587.2855233291299,0.0,0.0,3172.0,1.0,0.0,0.0,0.0,0.0,0.0,0.0
Loučovice,C,1,2,1,40.0,449201.0,11.5,0.0,0.0,0.0,0.0,449201.0,1.0,0.0,0.0,0.0,0.0
Loučovice č.  C,,13,13,1,1.33,5941.0,633.46,0.0,0.0,5941.0,1.0,0.0,0.0,0.0,0.0,0.0,0.0
Lovosice,U,112,127,3,267.908,1204068.0,273.9958694691662,814570.5137999998,0.6765153743808487,22863.0158,0.018988143360673983,0.0,0.0,74.0,6.145832295185986e-05,366560.4704,0.30443502393552524
Lubnice,B,1,1,1,0.099,173.0,434.2699999999999,0.0,0.0,173.0,1.0,0.0,0.0,0.0,0.0,0.0,0.0
Luby,K,7,23,1,5.061,14318.0,566.1488140801788,0.0,0.0,14318.0,1.0,0.0,0.0,0.0,0.0,0.0,0.0
Luhačovice,Z,1,1,1,1.274,11801.0,239.74,0.0,0.0,11801.0,1.0,0.0,0.0,0.0,0.0,0.0,0.0
Lutin,M,8,16,1,3.862,10260.0,641.9617612085771,0.0,0.0,10260.0,1.0,0.0,0.0,0.0,0.0,0.0,0.0
Luštěnice,S,7,31,1,2.609,10124.0,406.85,0.0,0.0,10124.0,1.0,0.0,0.0,0.0,0.0,0.0,0.0
Luže,E,56,21,1,12.42,2809.0,571.55,0.0,0.0,2359.8409,0.8401000000000001,0.0,0.0,0.0,0.0,449.1591,0.15990000000000001
Lysá nad Labem,S,38,41,1,6.303999999999999,27012.0,537.183951206871,0.0,0.0,27012.0,1.0,0.0,0.0,0.0,0.0,0.0,0.0
Lánov,H,4,1,1,0.696,5336.0,350.0,0.0,0.0,0.0,0.0,5336.0,1.0,0.0,0.0,0.0,0.0
Lázně Bohdaneč,E,1,5,1,0.0,1669.0,680.87,1667.8317000000002,0.9993000000000001,0.0,0.0,0.0,0.0,1.1683000000000001,0.0007000000000000001,0.0,0.0
Lázně Kynžvart,K,12,12,1,2.43,10560.0,551.68,0.0,0.0,10560.0,1.0,0.0,0.0,0.0,0.0,0.0,0.0
Lázně Libverda,L,1,5,1,5.8,11822.0,421.7767577398071,0.0,0.0,11822.0,1.0,0.0,0.0,0.0,0.0,0.0,0.0
Líně,P,6,6,6,0.31200000000000006,1039.0,678.9028777670839,0.0,0.0,1039.0,1.0,0.0,0.0,0.0,0.0,0.0,0.0
Lípa,J,2,4,1,0.5770000000000001,4053.0,278.0,0.0,0.0,0.0,0.0,4053.0,1.0,0.0,0.0,0.0,0.0
Manětin,P,4,10,4,0.6460000000000001,2063.0,653.1933107125546,2063.0,1.0,0.0,0.0,0.0,0.0,0.0,0.0,0.0,0.0
Mariánské Lázně,K,214,411,7,51.424,251496.0,607.4415467442824,1018.4639999999999,0.0040496230556350795,80960.4735,0.32191555134077676,168935.8129,0.6717236572351051,0.0,0.0,581.2496000000001,0.002311168368482998
Martiněves,U,1,1,1,0.126,263.0,591.08,0.0,0.0,263.0,1.0,0.0,0.0,0.0,0.0,0.0,0.0
Mašťov,U,5,5,1,0.75,3290.0,599.39,3290.0,1.0,0.0,0.0,0.0,0.0,0.0,0.0,0.0,0.0
Meziboří,U,1,1,1,3.99,36159.0,204.84,0.0,0.0,36159.0,1.0,0.0,0.0,0.0,0.0,0.0,0.0
Meziboří u Litvínova,U,84,110,1,17.365,75238.0,548.42,0.0,0.0,72258.5752,0.9604000000000001,0.0,0.0,2979.4248,0.039599999999999996,0.0,0.0
Meziměstí,H,13,17,3,3.915,10595.0,531.5960302029258,0.0,0.0,10595.0,1.0,0.0,0.0,0.0,0.0,0.0,0.0
Mezno,S,95,95,1,1.8,5063.0,260.0,0.0,0.0,0.0,0.0,5063.0,1.0,0.0,0.0,0.0,0.0
Milevsko,C,109,134,2,31.235,94726.0,524.9442652492452,88072.0,0.9297552942170049,6654.0,0.07024470578299516,0.0,0.0,0.0,0.0,0.0,0.0
Mileč,P,32,32,2,0.5579999999999999,6580.0,194.50091185410335,0.0,0.0,0.0,0.0,6580.0,1.0,0.0,0.0,0.0,0.0
Milovice,S,25,41,5,12.176,41210.0,593.7469769473429,0.0,0.0,41210.0,1.0,0.0,0.0,0.0,0.0,0.0,0.0
Mimoň,L,75,139,1,15.222000000000001,58367.0,582.2128303664741,58139.3687,0.9961,0.0,0.0,227.6313,0.0039000000000000003,0.0,0.0,0.0,0.0
Miroslav,B,1,1,1,0.135,372.0,412.12999999999994,0.0,0.0,372.0,1.0,0.0,0.0,0.0,0.0,0.0,0.0
Mladecko,T,1,1,1,0.252,826.0,398.28,0.0,0.0,826.0,1.0,0.0,0.0,0.0,0.0,0.0,0.0
Mladotice,P,1,1,1,0.544,6535.0,96.95,0.0,0.0,0.0,0.0,6535.0,1.0,0.0,0.0,0.0,0.0
Mladá Boleslav,S,104,391,7,420.915,2053788.0,406.0962976558437,1478548.8826,0.719913098430802,58743.0065,0.028602273701083075,499625.12419999996,0.24327005718214342,1422.8543000000002,0.0006927951180939806,15448.132399999999,0.007521775567877502
Mnichovo Hradiště,S,19,33,2,7.792999999999999,23218.0,496.88253725557763,0.0,0.0,23218.0,1.0,0.0,0.0,0.0,0.0,0.0,0.0
Mníšek pod Brdy,S,17,17,1,2.733,11679.0,572.5238539258498,0.0,0.0,11679.0,1.0,0.0,0.0,0.0,0.0,0.0,0.0
Mohelnice,M,17,75,2,15.048,78859.0,508.1006623213584,0.0,0.0,78859.0,1.0,0.0,0.0,0.0,0.0,0.0,0.0
Mohelno,J,1,1,1,0.52,409.0,322.0,0.0,0.0,0.0,0.0,409.0,1.0,0.0,0.0,0.0,0.0
Moravany,B,18,3,1,0.35,867.0,550.0,0.0,0.0,0.0,0.0,867.0,1.0,0.0,0.0,0.0,0.0
Moravská Třebová,E,22,68,2,7.343,29386.0,631.2013758252228,0.0,0.0,29386.0,1.0,0.0,0.0,0.0,0.0,0.0,0.0
Moravské Budějovice,J,1,1,1,0.36200000000000004,1426.0,393.3,0.0,0.0,1426.0,1.0,0.0,0.0,0.0,0.0,0.0,0.0
Moravský Beroun,M,13,13,3,10.635,19097.0,586.6852091951615,0.0,0.0,19097.0,1.0,0.0,0.0,0.0,0.0,0.0,0.0
Moravský Krumlov,B,24,30,3,4.635,26572.0,370.2844610868583,0.0,0.0,26572.0,1.0,0.0,0.0,0.0,0.0,0.0,0.0
Most,U,15,78,4,0.0,93710.0,576.532933411589,93616.29000000001,0.9990000000000001,93.71000000000001,0.001,0.0,0.0,0.0,0.0,0.0,0.0
Most Litvínov,U,585,875,1,0.0,1378872.0,506.15585995654413,1377493.128,0.999,1378.872,0.001,0.0,0.0,0.0,0.0,0.0,0.0
Mostek,H,1,1,1,17.2,459.0,66.5,0.0,0.0,0.0,0.0,459.0,1.0,0.0,0.0,0.0,0.0
Mostkovice,M,1,1,1,0.24,682.0,587.81,0.0,0.0,682.0,1.0,0.0,0.0,0.0,0.0,0.0,0.0
Mořkov,T,2,7,2,0.9450000000000001,3026.0,371.8072504957039,0.0,0.0,3026.0,1.0,0.0,0.0,0.0,0.0,0.0,0.0
Mrákov část Starý Klíčov,P,5,5,1,1.0390000000000001,4655.0,115.7,0.0,0.0,0.0,0.0,4655.0,1.0,0.0,0.0,0.0,0.0
Mydlovary,C,679,705,1,15.940999999999999,37386.0,668.49,0.0,0.0,4213.4021999999995,0.11269999999999998,33172.5978,0.8873000000000001,0.0,0.0,0.0,0.0
Mýšlovice,S,1,1,1,0.327,2180.0,127.77,0.0,0.0,0.0,0.0,2180.0,1.0,0.0,0.0,0.0,0.0
Mělník,S,44,89,5,2779.5,11829249.0,266.17428355764594,11798889.539099999,0.9974335259237505,1915.5372,0.00016193227482150387,0.0,0.0,28218.767399999997,0.0023855079388387206,0.0,0.0
Mělník Horní Po,S,809,958,1,0.0,255891.0,453.66940967052375,254944.2033,0.9963,0.0,0.0,0.0,0.0,921.2076,0.0036,0.0,0.0
Městečko Trnávka,E,1,1,1,0.46399999999999997,1745.0,0.51,0.0,0.0,0.0,0.0,1745.0,1.0,0.0,0.0,0.0,0.0
Město Albrechtice,T,14,19,5,3.28,12768.0,452.6927984022557,0.0,0.0,12768.0,1.0,0.0,0.0,0.0,0.0,0.0,0.0
Město Libavá,M,1,41,1,5.236000000000001,3735.0,789.8180481927711,196.46099999999998,0.052599999999999994,0.0,0.0,0.0,0.0,3525.4665000000005,0.9439000000000001,13.0725,0.0035
Měňany,S,62,62,1,1.12,2977.0,487.84999999999997,0.0,0.0,0.0,0.0,2977.0,1.0,0.0,0.0,0.0,0.0
Mšeno,S,2,1,1,0.18,1324.0,489.68999999999994,1324.0,1.0,0.0,0.0,0.0,0.0,0.0,0.0,0.0,0.0
Mšené,U,2,3,1,0.396,903.0,804.94,0.0,0.0,903.0,1.0,0.0,0.0,0.0,0.0,0.0,0.0
Napajedla,Z,1,1,1,1.103,4319.0,104.45,0.0,0.0,0.0,0.0,4319.0,1.0,0.0,0.0,0.0,0.0
Načeradec,S,3,3,2,0.794,2570.0,363.00933852140076,0.0,0.0,0.0,0.0,1640.0,0.6381322957198443,930.0,0.36186770428015563,0.0,0.0
Nedvědice u Soběslavi,C,2,2,2,0.624,6405.0,248.8826229508197,0.0,0.0,0.0,0.0,6405.0,1.0,0.0,0.0,0.0,0.0
Nejdek,K,70,97,2,0.0,372259.0,339.23040866708396,235491.04339999997,0.6325999999999999,2382.4576,0.0064,0.0,0.0,0.0,0.0,134385.499,0.36100000000000004
Nepomuk,P,7,16,1,2.736,9935.0,476.7117845998994,0.0,0.0,9935.0,1.0,0.0,0.0,0.0,0.0,0.0,0.0
Neratovice,S,231,396,2,0.0,360592.0,397.99174418733634,359762.63839999994,0.9976999999999998,72.11840000000001,0.0002,0.0,0.0,757.2432,0.0021,0.0,0.0
Netvořice,S,1,7,1,0.855,1770.0,488.0,1770.0,1.0,0.0,0.0,0.0,0.0,0.0,0.0,0.0,0.0
Neveklov,S,1,1,1,0.485,552.0,933.0,0.0,0.0,0.0,0.0,0.0,0.0,552.0,1.0,0.0,0.0
Noviny pod Ralskem,L,1,3,1,0.601,980.0,425.36,0.0,0.0,980.0,1.0,0.0,0.0,0.0,0.0,0.0,0.0
Novosedly,C,16,16,2,0.768,5064.0,73.28001579778831,0.0,0.0,0.0,0.0,5064.0,1.0,0.0,0.0,0.0,0.0
Nová Bystřice,C,13,14,1,3.4,5310.0,684.25,0.0,0.0,5310.0,1.0,0.0,0.0,0.0,0.0,0.0,0.0
Nová Cerekev,J,111,118,1,2.0,6646.0,569.96,0.0,0.0,0.0,0.0,6646.0,1.0,0.0,0.0,0.0,0.0
Nová Paka,H,16,33,3,8.48,26055.0,406.59705814622913,0.0,0.0,25983.777000000002,0.9972664363845711,0.0,0.0,71.223,0.0027335636154289,0.0,0.0
Nová Pec,C,55,61,1,3.3,3265.0,702.74,0.0,0.0,0.0,0.0,3265.0,1.0,0.0,0.0,0.0,0.0
Nová Role Božičany,K,50,60,1,1.6,36432.0,583.13694828722,17148.5424,0.47069999999999995,9497.8224,0.2607,0.0,0.0,0.0,0.0,9785.6352,0.2686
Nová Ves,B,9,9,1,0.6759999999999999,3180.0,242.0,0.0,0.0,0.0,0.0,3180.0,1.0,0.0,0.0,0.0,0.0
Nová Ves pod Pleší,S,1,1,1,1.2,14610.0,352.79,0.0,0.0,0.0,0.0,14610.0,1.0,0.0,0.0,0.0,0.0
Nová Včelnice,C,7,9,1,1.7209999999999999,3665.0,718.75,0.0,0.0,3665.0,1.0,0.0,0.0,0.0,0.0,0.0,0.0
Nové Hrady,C,20,19,11,1.914,6950.0,543.6509179856115,0.0,0.0,6950.0,1.0,0.0,0.0,0.0,0.0,0.0,0.0
Nové Město na Moravě,J,87,100,2,15.817999999999998,40720.0,515.8504798624754,0.0,0.0,40720.0,1.0,0.0,0.0,0.0,0.0,0.0,0.0
Nové Město nad Metují,H,41,53,4,9.685,42046.0,434.9770563192694,0.0,0.0,42046.0,1.0,0.0,0.0,0.0,0.0,0.0,0.0
Nové Město pod Smrkem,L,14,42,1,5.2,22999.0,566.4900000000001,0.0,0.0,22999.0,1.0,0.0,0.0,0.0,0.0,0.0,0.0
Nové Sedlo,K,28,47,2,0.0,62211.0,363.1816699619038,39354.6786,0.6325999999999999,398.15040000000005,0.006400000000000001,0.0,0.0,0.0,0.0,22458.171,0.361
Nové Strašecí,S,29,37,3,7.848,28873.0,519.2864205312923,0.0,0.0,28873.0,1.0,0.0,0.0,0.0,0.0,0.0,0.0
Nový Bor,L,35,83,2,15.08,54557.0,522.553422475576,0.0,0.0,54557.0,1.0,0.0,0.0,0.0,0.0,0.0,0.0
Nový Bydžov,H,27,28,2,5.58,16900.0,596.7498289940828,0.0,0.0,16900.0,1.0,0.0,0.0,0.0,0.0,0.0,0.0
Nový Jičín,T,207,314,13,89.00999999999996,221497.0,599.5347046686862,0.0,0.0,200285.5076,0.904235757594911,21211.4924,0.095764242405089,0.0,0.0,0.0,0.0
Nový Knín,S,3,4,1,0.4,3597.0,738.09,0.0,0.0,0.0,0.0,3597.0,1.0,0.0,0.0,0.0,0.0
Nošovice,T,3,3,3,0.27,973.0,401.63261048304213,0.0,0.0,973.0,1.0,0.0,0.0,0.0,0.0,0.0,0.0
Nučice,S,2,5,1,0.892,2293.0,423.14,0.0,0.0,2293.0,1.0,0.0,0.0,0.0,0.0,0.0,0.0
Nymburk,S,79,134,7,75.366,189978.0,411.60813988988207,108170.7025,0.5693854156797102,80406.2975,0.42324004621587763,0.0,0.0,1401.0,0.00737453810441209,0.0,0.0
Náchod,H,570,1027,3,113.90899999999999,358748.0,522.8250799168218,0.0,0.0,355375.7688,0.9906,0.0,0.0,3372.2311999999997,0.009399999999999999,0.0,0.0
Náměšť nad Oslavou,J,30,68,6,6.761,18754.0,543.1983864775515,0.0,0.0,18636.445,0.993731737229391,117.555,0.006268262770608937,0.0,0.0,0.0,0.0
Nýrsko,P,26,32,1,5.7,28689.0,540.52,26775.4437,0.9333,1913.5563,0.0667,0.0,0.0,0.0,0.0,0.0,0.0
Nýřany,P,38,50,22,10.532,47512.0,434.91893016501086,0.0,0.0,47512.0,1.0,0.0,0.0,0.0,0.0,0.0,0.0
Němčice u České Třebové,E,2,4,1,0.9279999999999999,553.0,327.75,0.0,0.0,0.0,0.0,553.0,1.0,0.0,0.0,0.0,0.0
Obora,C,10,11,1,0.46399999999999997,882.0,127.7,0.0,0.0,0.0,0.0,842.9273999999999,0.9556999999999999,39.072599999999994,0.04429999999999999,0.0,0.0
Obrnice,U,19,26,1,4.2,18100.0,673.8441281767956,0.0,0.0,18100.0,1.0,0.0,0.0,0.0,0.0,0.0,0.0
Odolena Voda,S,31,51,4,40.032000000000004,111609.0,399.5639599853058,0.0,0.0,111609.0,1.0,0.0,0.0,0.0,0.0,0.0,0.0
Odry,T,26,60,2,30.53,23814.0,601.5860892752163,0.0,0.0,23814.0,1.0,0.0,0.0,0.0,0.0,0.0,0.0
Olbramice,T,1,1,1,0.024,71.0,532.21,0.0,0.0,71.0,1.0,0.0,0.0,0.0,0.0,0.0,0.0
Oldřichov v Hájích,L,7,7,1,0.35,550.0,430.0,0.0,0.0,0.0,0.0,550.0,1.0,0.0,0.0,0.0,0.0
Olomouc,M,963,2001,7,397.44500000000005,2297639.0,463.3209854855353,2200694.0039,0.9578066893450189,50120.713599999995,0.021814007161264234,42169.9806,0.01835361455824871,4488.4684,0.0019535133238946585,0.0,0.0
Oloví,K,5,18,1,6.8,14365.0,641.75,0.0,0.0,14365.0,1.0,0.0,0.0,0.0,0.0,0.0,0.0
Olšany,M,6,9,1,36.0,2765.0,304.8605424954792,0.0,0.0,2765.0,1.0,0.0,0.0,0.0,0.0,0.0,0.0
Opatov,E,1,1,1,1.271,428.0,161.3,0.0,0.0,0.0,0.0,428.0,1.0,0.0,0.0,0.0,0.0
Opava,T,347,579,6,75.776,325255.0,561.5671035956404,0.0,0.0,325255.0,1.0,0.0,0.0,0.0,0.0,0.0,0.0
Opava DIN,T,1,7,1,1.327,5702.0,521.41,0.0,0.0,5702.0,1.0,0.0,0.0,0.0,0.0,0.0,0.0
Orlová,T,62,301,6,57.900999999999996,347047.0,516.7133619077532,254666.4784,0.733809767553098,5325.5437999999995,0.015345310001239024,0.0,0.0,207.95080000000002,0.0005992006846334935,86847.027,0.2502457217610295
Orlová Bohumín Dolní Lutyně,T,37,189,1,0.0,453582.0,391.98998617670014,447413.28479999996,0.9863999999999999,5805.8496,0.012799999999999999,0.0,0.0,362.8656,0.0007999999999999999,0.0,0.0
Orlová DIN,T,1,13,1,0.0,4313.0,601.22,4254.3432,0.9864,55.2064,0.0128,0.0,0.0,3.4504,0.0008,0.0,0.0
Osek,U,14,51,3,8.583,30786.0,511.2535626583511,0.0,0.0,30786.0,1.0,0.0,0.0,0.0,0.0,0.0,0.0
Osek nad Bečvou,M,2,6,2,0.5800000000000001,1684.0,719.1631472684087,0.0,0.0,1684.0,1.0,0.0,0.0,0.0,0.0,0.0,0.0
Oskava,M,1,1,1,2.6,64023.0,303.01,0.0,0.0,0.0,0.0,64023.0,1.0,0.0,0.0,0.0,0.0
Oslavany,B,19,26,2,3.1879999999999997,15993.0,414.540874132433,0.0,0.0,15993.0,1.0,0.0,0.0,0.0,0.0,0.0,0.0
Osoblaha,T,3,9,1,1.632,4508.0,428.5344853593611,4508.0,1.0,0.0,0.0,0.0,0.0,0.0,0.0,0.0,0.0
Ostrava,T,3405,7527,65,2472.604,8156221.0,405.4376337190962,5838859.295899999,0.7158780145731705,71145.15209999998,0.008722808283394966,0.0,0.0,2714.1948000000007,0.00033277602458295336,2243502.3571999995,0.27506640111885144
Ostravice,T,3,3,3,0.6619999999999999,2283.0,567.0017520805957,0.0,0.0,2283.0,1.0,0.0,0.0,0.0,0.0,0.0,0.0
Ostrov,K,313,346,1,66.8,218788.0,579.2522264932263,146259.778,0.6685,3303.6988,0.0151,69224.5232,0.31639999999999996,0.0,0.0,0.0,0.0
Ostřetin,E,1,1,1,0.8540000000000001,536.0,242.0,0.0,0.0,0.0,0.0,536.0,1.0,0.0,0.0,0.0,0.0
Otrokovice,Z,67,208,2,0.0,146253.0,572.9509990222423,142991.5581,0.9777,102.37710000000003,0.0007000000000000002,1243.1505,0.0085,146.253,0.0009999999999999998,1769.6613,0.0121
Pacov,J,1,1,1,0.8,7600.0,249.78,0.0,0.0,0.0,0.0,7600.0,1.0,0.0,0.0,0.0,0.0
Pardubice,E,130,298,7,275.63500000000005,225123.0,516.2558110899374,193637.79330000002,0.860142203595368,30454.104,0.13527762156687678,101.58,0.00045121999973347904,929.5227,0.004128954838021882,0.0,0.0
Paseky nad Jizerou,L,1,1,1,0.436,532.0,696.81,0.0,0.0,0.0,0.0,0.0,0.0,532.0,1.0,0.0,0.0
Paskov,T,12,25,3,7.068,13094.0,532.4569298915534,0.0,0.0,654.2514000000001,0.049965740033603184,0.0,0.0,0.0,0.0,12439.748599999999,0.9500342599663968
Pec pod Sněžkou,H,2,2,1,0.068,103.0,765.74,0.0,0.0,0.0,0.0,0.0,0.0,103.0,1.0,0.0,0.0
Pelhřimov,J,149,198,4,49.542,96173.0,631.3371903756772,0.0,0.0,2598.5303999999996,0.027019333908685387,84364.0064,0.8772109261435121,8632.4632,0.08975973714036165,578.0,0.006010002807440758
Petrovice,U,4,5,1,0.466,1254.0,770.33,0.0,0.0,0.0,0.0,0.0,0.0,1254.0,1.0,0.0,0.0
Petřvald,T,4,13,1,3.048,10514.0,559.9865113182423,0.0,0.0,10514.0,1.0,0.0,0.0,0.0,0.0,0.0,0.0
Petřvald DIN,T,1,2,1,0.26,1151.0,551.43,0.0,0.0,1151.0,1.0,0.0,0.0,0.0,0.0,0.0,0.0
Planá,P,2,2,2,0.196,1123.0,510.3908993766696,0.0,0.0,1123.0,1.0,0.0,0.0,0.0,0.0,0.0,0.0
Planá nad Lužnicí,C,39,49,2,4.404,18469.0,543.7208711895609,3181.4575,0.1722593264388976,9253.3935,0.5010229844604472,6034.149,0.3267176891006552,0.0,0.0,0.0,0.0
Planá nad Lužnicí Sezimovo Ústi,C,14,19,1,109.685,467002.0,400.28066890505823,464153.2878,0.9939,2848.7122,0.0060999999999999995,0.0,0.0,0.0,0.0,0.0,0.0
Planá u Mariánských Lázní,P,35,41,1,4.8,24297.0,593.39,0.0,0.0,2879.1945,0.11850000000000001,21417.805500000002,0.8815000000000001,0.0,0.0,0.0,0.0
Plasy,P,3,3,1,0.39299999999999996,1352.0,478.6000000000001,0.0,0.0,1352.0,1.0,0.0,0.0,0.0,0.0,0.0,0.0
Plesná,K,9,9,2,1.9649999999999999,4444.0,615.7229342934293,0.0,0.0,4444.0,1.0,0.0,0.0,0.0,0.0,0.0,0.0
Plzeň,P,2253,2867,43,912.675,3338354.0,432.4740934394615,2207338.9167,0.6612057668839194,38396.716400000005,0.01150169107290599,795893.8628999998,0.2384090671330841,1342.1191999999999,0.0004020302220795038,295175.9966,0.08841962134632816
Poběžovice,P,8,8,2,0.186,991.0,599.0311099899093,684.0,0.6902119071644803,307.0,0.30978809283551967,0.0,0.0,0.0,0.0,0.0,0.0
Podbořany,U,41,29,2,9.61,18723.0,617.6005223521871,0.0,0.0,18723.0,1.0,0.0,0.0,0.0,0.0,0.0,0.0
Poděbrady,S,55,60,5,20.535,34006.0,606.1040157619245,0.0,0.0,34006.0,1.0,0.0,0.0,0.0,0.0,0.0,0.0
Pohled,J,2,2,1,0.7190000000000001,189.0,239.0,0.0,0.0,0.0,0.0,189.0,1.0,0.0,0.0,0.0,0.0
Pohořelice,B,5,9,3,0.708,3084.0,600.3456225680934,0.0,0.0,3084.0,1.0,0.0,0.0,0.0,0.0,0.0,0.0
Polepy,U,1,1,1,0.11,468.0,494.21,0.0,0.0,468.0,1.0,0.0,0.0,0.0,0.0,0.0,0.0
Police nad Metují,H,30,31,4,3.945,9635.0,573.2164826154644,0.0,0.0,9635.0,1.0,0.0,0.0,0.0,0.0,0.0,0.0
Polička,E,49,56,4,14.825,41685.0,459.8536245651913,0.0,0.0,41685.0,1.0,0.0,0.0,0.0,0.0,0.0,0.0
Polná,J,1,1,1,0.13,489.0,589.09,0.0,0.0,489.0,1.0,0.0,0.0,0.0,0.0,0.0,0.0
Postoloprty,U,21,32,3,10.363,38678.0,496.6640953513626,0.0,0.0,38263.067200000005,0.9892721236878848,414.9328,0.010727876312115414,0.0,0.0,0.0,0.0
Postřelmov,M,9,13,1,4.125,4422.0,616.4,0.0,0.0,4422.0,1.0,0.0,0.0,0.0,0.0,0.0,0.0
Počerady,U,23,60,1,2435.0,69263.0,344.44,69207.5896,0.9992000000000001,55.4104,0.0008,0.0,0.0,0.0,0.0,0.0,0.0
Poříčí,H,2263,2875,2,558.98,2109944.0,284.61924283298515,1493304.9184,0.7077462332649588,1436.1336,0.0006806501025619637,612539.806,0.29031093052706614,2742.9272,0.0013,0.0,0.0
Prachatice,C,115,293,3,36.436,98320.0,652.5805945890968,0.0,0.0,98320.0,1.0,0.0,0.0,0.0,0.0,0.0,0.0
Praha,A,8349,15206,609,2484.5169999999953,14426072.0,594.29779404054,8411476.024899997,0.5830745905676886,4409069.010200005,0.30563198424352833,72486.3249,0.005024675109066418,19866.338200000006,0.001377113478984439,1513055.803,0.10488342238968446
Praha  – Chodov Hvožďanská,A,1,1,1,0.46,1137.0,451.59,0.0,0.0,1137.0,1.0,0.0,0.0,0.0,0.0,0.0,0.0
Pražmo,T,1,8,1,0.92,4203.0,596.7230549607423,0.0,0.0,4203.0,1.0,0.0,0.0,0.0,0.0,0.0,0.0
Proboštov,U,1,1,1,0.205,77.0,420.42,0.0,0.0,77.0,1.0,0.0,0.0,0.0,0.0,0.0,0.0
Prostějov,M,163,221,9,61.032999999999994,246397.0,392.46370873022,0.0,0.0,246397.0,1.0,0.0,0.0,0.0,0.0,0.0,0.0
Protivín,C,19,29,2,5.783,9728.0,618.7048694490132,0.0,0.0,9728.0,1.0,0.0,0.0,0.0,0.0,0.0,0.0
Prunéřov,U,51,159,1,2658.66,860589.0,242.7299751216899,859125.9987,0.9983,1118.7657000000002,0.0013000000000000002,0.0,0.0,344.2356,0.00039999999999999996,0.0,0.0
Písek,C,448,674,2,67.59700000000001,329364.0,555.1809780060966,310521.75800000003,0.942792041631751,10670.627199999999,0.03239767309116964,5276.2312,0.016019453249292576,2830.3188,0.008593285240645608,65.0648,0.00019754678714127837
Přelouč,E,31,32,2,6.332000000000001,15535.0,556.0372700354039,0.0,0.0,15535.0,1.0,0.0,0.0,0.0,0.0,0.0,0.0
Přerov,M,498,905,8,238.836,1139327.0,434.2077764855919,1038966.7463000001,0.9119126873145288,94655.2239,0.08307994447599328,0.0,0.0,2696.4650999999994,0.0023667174568846342,3008.5647000000004,0.0026406507525934173
Přestanov,U,1,1,1,0.11699999999999999,1103.0,466.56,0.0,0.0,1103.0,1.0,0.0,0.0,0.0,0.0,0.0,0.0
Přeštice,P,16,36,2,5.827999999999999,46823.0,426.57047711594737,0.0,0.0,5750.332,0.12280998654507401,41072.668000000005,0.8771900134549261,0.0,0.0,0.0,0.0
Přimda,P,5,9,1,1.24,5855.0,631.0156276686592,0.0,0.0,5855.0,1.0,0.0,0.0,0.0,0.0,0.0,0.0
Příbor,T,47,88,3,16.903,25092.0,523.0121030607364,0.0,0.0,25092.0,1.0,0.0,0.0,0.0,0.0,0.0,0.0
Příbram,S,360,466,12,225.28000000000003,1081417.0,457.8147158774089,1003612.7688000001,0.9280534417343171,71956.34459999998,0.06653894344179903,0.0,0.0,5853.8861,0.00541316263753945,0.0,0.0
Příkazy,M,1,3,1,1.177,952.0,218.0,0.0,0.0,0.0,0.0,952.0,1.0,0.0,0.0,0.0,0.0
Příšovice,L,24,27,5,3.3609999999999998,9113.0,514.1320476242731,0.0,0.0,9113.0,1.0,0.0,0.0,0.0,0.0,0.0,0.0
Pšov,K,12,13,1,0.63,998.0,260.0,0.0,0.0,0.0,0.0,998.0,1.0,0.0,0.0,0.0,0.0
Radonice,U,9,12,1,0.81,4220.0,661.0,4220.0,1.0,0.0,0.0,0.0,0.0,0.0,0.0,0.0,0.0
Radslavice,B,1,1,1,0.025,29.0,307.05,0.0,0.0,29.0,1.0,0.0,0.0,0.0,0.0,0.0,0.0
Rajhrad,B,4,4,2,1.285,3693.0,669.3086217167615,2884.0910000000003,0.7809615488762525,214.0,0.05794746818304901,594.909,0.16109098294069862,0.0,0.0,0.0,0.0
Rakovník,S,104,133,4,25.580000000000002,77334.0,590.621298781907,0.0,0.0,77334.0,1.0,0.0,0.0,0.0,0.0,0.0,0.0
Ralsko,L,3,26,1,0.9,6579.0,651.72,6579.0,1.0,0.0,0.0,0.0,0.0,0.0,0.0,0.0,0.0
Rapotin,M,2,19,1,0.91,8224.0,506.0,0.0,0.0,2549.44,0.31,5674.56,0.6900000000000001,0.0,0.0,0.0,0.0
Rapotín,M,1,1,1,0.5710000000000001,6427.0,138.0,0.0,0.0,0.0,0.0,6427.0,1.0,0.0,0.0,0.0,0.0
Raspenava,L,2,2,1,0.6,2220.0,543.09,0.0,0.0,2220.0,1.0,0.0,0.0,0.0,0.0,0.0,0.0
Ratíškovice,B,2,2,1,0.221,94.0,550.0,0.0,0.0,94.0,1.0,0.0,0.0,0.0,0.0,0.0,0.0
Razová,T,4,2,1,0.28600000000000003,1450.0,502.8,1450.0,1.0,0.0,0.0,0.0,0.0,0.0,0.0,0.0,0.0
Račice,U,114,114,1,2.7,7330.0,322.0,0.0,0.0,0.0,0.0,7330.0,1.0,0.0,0.0,0.0,0.0
Rokycany,P,48,66,11,27.462000000000003,72056.0,453.8119097646276,0.0,0.0,72056.0,1.0,0.0,0.0,0.0,0.0,0.0,0.0
Rokytnice nad Jizerou,L,2,2,1,0.319,810.0,350.22,0.0,0.0,810.0,1.0,0.0,0.0,0.0,0.0,0.0,0.0
Rokytnice v Orlických horách,H,34,60,5,10.690000000000001,20696.0,575.2258687669114,0.0,0.0,0.0,0.0,20696.0,1.0,0.0,0.0,0.0,0.0
Rosice,B,22,24,17,4.498999999999999,11123.0,560.1129677245349,0.0,0.0,11123.0,1.0,0.0,0.0,0.0,0.0,0.0,0.0
Roudnice nad Labem,U,78,82,17,30.796999999999993,84766.0,557.5588677063917,0.0,0.0,84311.4004,0.9946370054031097,0.0,0.0,454.5996,0.005362994596890262,0.0,0.0
Rousínov,B,4,5,2,0.63,2409.0,491.52685761726866,0.0,0.0,2409.0,1.0,0.0,0.0,0.0,0.0,0.0,0.0
Rovná,K,2,3,1,2.0,3417.0,563.5,0.0,0.0,3417.0,1.0,0.0,0.0,0.0,0.0,0.0,0.0
Roztoky,S,1,1,1,0.91,3510.0,571.76,0.0,0.0,3510.0,1.0,0.0,0.0,0.0,0.0,0.0,0.0
Roztoky u Křivoklátu,S,17,17,1,1.8,6156.0,572.17,4554.2088,0.7398,0.0,0.0,1601.7912,0.2602,0.0,0.0,0.0,0.0
Roztoky u Prahy,S,22,24,3,3.3560000000000003,13273.0,612.4960566563701,0.0,0.0,13273.0,1.0,0.0,0.0,0.0,0.0,0.0,0.0
Roštin,Z,197,197,1,4.0,11011.0,386.15,0.0,0.0,0.0,0.0,11011.0,1.0,0.0,0.0,0.0,0.0
Rožmitál pod Třemšínem,S,17,27,2,2.4290000000000003,14007.0,483.03068537159993,0.0,0.0,14007.0,1.0,0.0,0.0,0.0,0.0,0.0,0.0
Rožnov pod Radhoštěm,Z,206,238,21,71.09700000000002,209419.0,563.9369271651569,0.0,0.0,209419.0,1.0,0.0,0.0,0.0,0.0,0.0,0.0
Rudice,B,6,6,6,0.30800000000000005,744.0,380.61182795698926,0.0,0.0,744.0,1.0,0.0,0.0,0.0,0.0,0.0,0.0
Rudná pod Pradědem,T,4,4,1,0.51,2707.0,431.41,2707.0,1.0,0.0,0.0,0.0,0.0,0.0,0.0,0.0,0.0
Rumburk,U,22,59,3,18.06,52446.0,603.77423254395,0.0,0.0,52446.0,1.0,0.0,0.0,0.0,0.0,0.0,0.0
Rusín,T,2,2,1,0.58,603.0,184.0,0.0,0.0,0.0,0.0,603.0,1.0,0.0,0.0,0.0,0.0
Rybí,T,1,1,1,0.024,22.0,488.44,0.0,0.0,22.0,1.0,0.0,0.0,0.0,0.0,0.0,0.0
Rychnov nad Kněžnou,H,111,166,2,30.625,115139.0,556.1045701282798,103832.35020000002,0.9018000000000002,11306.6498,0.0982,0.0,0.0,0.0,0.0,0.0,0.0
Rychnov u Jablonce nad Nisou,L,6,9,1,1.3119999999999998,4453.0,381.21072759937124,0.0,0.0,4453.0,1.0,0.0,0.0,0.0,0.0,0.0,0.0
Rychvald,T,7,25,5,8.767999999999999,38750.0,354.6280820645161,0.0,0.0,15566.0,0.4017032258064516,0.0,0.0,0.0,0.0,23184.0,0.5982967741935484
Rychvald DIN,T,1,3,1,0.252,1247.0,616.91,0.0,0.0,983.0101,0.7883,0.0,0.0,0.0,0.0,263.98990000000003,0.21170000000000003
Ryžoviště,T,2,2,1,0.23,1315.0,374.67,1010.446,0.7684,304.55400000000003,0.23160000000000003,0.0,0.0,0.0,0.0,0.0,0.0
Ráječko,B,1,1,1,0.14,170.0,584.05,0.0,0.0,170.0,1.0,0.0,0.0,0.0,0.0,0.0,0.0
Rýmařov,T,56,155,3,10.918,55379.0,542.8280830278625,1563.1696,0.028226757435128837,53815.8304,0.9717732425648712,0.0,0.0,0.0,0.0,0.0,0.0
Rýnovice,L,22,33,1,26.362,67701.0,547.7914962851362,0.0,0.0,67701.0,1.0,0.0,0.0,0.0,0.0,0.0,0.0
Sedlčany,S,52,55,2,12.255999999999998,37844.0,562.8561856569073,0.0,0.0,37844.0,1.0,0.0,0.0,0.0,0.0,0.0,0.0
Semily,L,17,20,2,6.021999999999999,17838.0,559.1545913218971,0.0,0.0,17838.0,1.0,0.0,0.0,0.0,0.0,0.0,0.0
Senetářov,B,1,1,1,0.075,35.0,299.99,0.0,0.0,35.0,1.0,0.0,0.0,0.0,0.0,0.0,0.0
Sezemice,E,3,10,1,1.4269999999999998,3709.0,317.14,0.0,0.0,3709.0,1.0,0.0,0.0,0.0,0.0,0.0,0.0
Sezimovo Ústí,C,142,165,1,0.0,63373.0,678.4333214460418,62986.424699999996,0.9938999999999999,386.57529999999997,0.0060999999999999995,0.0,0.0,0.0,0.0,0.0,0.0
Seč čp.AB,E,16,13,1,1.9,6412.0,385.51,0.0,0.0,6412.0,1.0,0.0,0.0,0.0,0.0,0.0,0.0
Skořenice,E,1,1,1,0.348,829.0,484.61,0.0,0.0,829.0,1.0,0.0,0.0,0.0,0.0,0.0,0.0
Skřipov,T,25,25,1,1.275,4607.0,333.5,0.0,0.0,0.0,0.0,4607.0,1.0,0.0,0.0,0.0,0.0
Slaný,S,101,154,4,47.349000000000004,97869.0,685.305804698117,371.06419999999997,0.0037914375338462636,95556.3208,0.9763696451378884,0.0,0.0,1941.615,0.019838917328265333,0.0,0.0
Slapy,S,1,1,1,0.1,38.0,464.0,0.0,0.0,38.0,1.0,0.0,0.0,0.0,0.0,0.0,0.0
Slatina,U,11,1,1,0.61,13750.0,172.5,0.0,0.0,0.0,0.0,13750.0,1.0,0.0,0.0,0.0,0.0
Slavičín,Z,62,83,15,17.151999999999997,42477.0,643.2817178708477,8578.8496,0.20196458318619487,19266.358500000002,0.45357154460060745,14625.8425,0.3443238105327589,0.0,0.0,5.949400000000001,0.00014006168043882573
Slavkov u Brna,B,8,53,4,3.562,11030.0,674.2269338168632,0.0,0.0,11030.0,1.0,0.0,0.0,0.0,0.0,0.0,0.0
Sloup,B,1,1,1,0.68,1482.0,389.17,0.0,0.0,1482.0,1.0,0.0,0.0,0.0,0.0,0.0,0.0
Smiřice,H,37,44,3,4.268,18853.0,447.50573648756176,0.0,0.0,14577.0,0.7731925953429163,4276.0,0.22680740465708377,0.0,0.0,0.0,0.0
Smolotely,S,1,1,1,0.594,3270.0,127.7,0.0,0.0,0.0,0.0,3270.0,1.0,0.0,0.0,0.0,0.0
Sněžné,J,1,1,1,0.057999999999999996,367.0,361.93,0.0,0.0,367.0,1.0,0.0,0.0,0.0,0.0,0.0,0.0
Soběslav,C,46,72,4,6.5840000000000005,34695.0,412.23934370946824,0.0,0.0,34690.7963,0.9998788384493443,0.0,0.0,0.0,0.0,4.2037,0.00012116155065571409
Sokolov,K,363,537,5,79.8,335664.0,556.9178546403546,335106.6642,0.9983396021021022,557.3358000000001,0.001660397897897898,0.0,0.0,0.0,0.0,0.0,0.0
Solenice,S,5,8,2,2.878,3512.0,723.9495301822324,0.0,0.0,0.0,0.0,3502.4135,0.9972703587699316,9.586500000000001,0.0027296412300683373,0.0,0.0
Srní,P,21,23,1,1.028,2651.0,601.74,604.1629,0.22790000000000002,0.0,0.0,0.0,0.0,0.0,0.0,2046.8371,0.7721
Stachy,C,2,2,1,0.07,374.0,718.8100000000001,0.0,0.0,0.0,0.0,0.0,0.0,374.0,1.0,0.0,0.0
Stanoviště,B,1,1,1,0.61,455.0,110.0,0.0,0.0,0.0,0.0,455.0,1.0,0.0,0.0,0.0,0.0
Stará Ves  ZŠ,T,1,1,1,0.063,187.0,434.24,0.0,0.0,187.0,1.0,0.0,0.0,0.0,0.0,0.0,0.0
Stará Ves nad Ondřejnicí,T,1,1,1,0.032,109.0,448.34,0.0,0.0,109.0,1.0,0.0,0.0,0.0,0.0,0.0,0.0
Staré Město,Z,1,1,1,0.09,325.0,834.57,0.0,0.0,325.0,1.0,0.0,0.0,0.0,0.0,0.0,0.0
Staré Město pod Landštejnem,C,126,82,1,2.8,4114.0,402.5,0.0,0.0,0.0,0.0,4114.0,1.0,0.0,0.0,0.0,0.0
Staré Město pod Sněžníkem,M,5,15,1,1.0659999999999998,5881.0,640.9749362353341,5881.0,1.0,0.0,0.0,0.0,0.0,0.0,0.0,0.0,0.0
Starý Plzenec,P,9,13,1,1.7169999999999999,3993.0,678.5021662910092,0.0,0.0,3993.0,1.0,0.0,0.0,0.0,0.0,0.0,0.0
Staňkov,P,6,5,2,0.609,7425.0,134.6890154882155,0.0,0.0,266.0,0.03582491582491582,7159.0,0.9641750841750841,0.0,0.0,0.0,0.0
Staříč,T,6,6,4,60.382999999999996,222166.0,151.384218557295,0.0,0.0,0.0,0.0,182164.0,0.8199454461978881,0.0,0.0,40002.0,0.18005455380211194
Stochov,S,15,61,1,16.555,54957.0,664.65,8194.0887,0.1491,45141.679800000005,0.8214000000000001,1621.2315000000003,0.029500000000000005,0.0,0.0,0.0,0.0
Stod,P,2,5,2,2.318,6815.0,412.72238591342625,0.0,0.0,6815.0,1.0,0.0,0.0,0.0,0.0,0.0,0.0
Strakonice,C,752,974,7,207.208,520965.0,565.4484745808259,501678.0384000001,0.9629783927903027,4291.232,0.008237083105390957,137.0,0.00026297352029406966,4453.961600000001,0.008549444972311002,10404.768,0.019972105611701364
Strančice,S,4,4,3,0.53,1753.0,685.5903422703936,0.0,0.0,1753.0,1.0,0.0,0.0,0.0,0.0,0.0,0.0
Strašice,P,16,30,1,4.196000000000001,13406.0,638.28,0.0,0.0,13406.0,1.0,0.0,0.0,0.0,0.0,0.0,0.0
Straškov,U,2,2,1,0.19,532.0,488.0,0.0,0.0,0.0,0.0,532.0,1.0,0.0,0.0,0.0,0.0
Stráž,P,5,5,1,0.52,2655.0,586.5,0.0,0.0,2655.0,1.0,0.0,0.0,0.0,0.0,0.0,0.0
Stráž pod Ralskem,L,60,145,2,16.265,120639.0,455.00820505806587,0.0,0.0,120639.0,1.0,0.0,0.0,0.0,0.0,0.0,0.0
Studce,S,1,1,1,0.017,43.0,778.26,0.0,0.0,0.0,0.0,0.0,0.0,43.0,1.0,0.0,0.0
Studénka,T,34,41,1,8.957,26809.0,581.1212376440748,0.0,0.0,26809.0,1.0,0.0,0.0,0.0,0.0,0.0,0.0
Střelice,B,1,1,1,0.795,3867.0,409.63,0.0,0.0,3867.0,1.0,0.0,0.0,0.0,0.0,0.0,0.0
Stříbro,P,4,3,3,18.709000000000003,27409.0,297.04921230252836,0.0,0.0,24724.0,0.9020394760844977,0.0,0.0,0.0,0.0,2685.0,0.09796052391550221
Střížovice,Z,1,1,1,1.12,2015.0,172.5,0.0,0.0,0.0,0.0,2015.0,1.0,0.0,0.0,0.0,0.0
Suchdol nad Lužnicí,C,9,9,1,0.91,2346.0,635.41,0.0,0.0,2346.0,1.0,0.0,0.0,0.0,0.0,0.0,0.0
Suchohrdly u Miroslavi,B,2,2,1,1.3619999999999999,11320.0,253.0,0.0,0.0,1.1320000000000001,0.0001,11318.868,0.9999,0.0,0.0,0.0,0.0
Sušice,P,78,107,10,24.84,102836.0,424.896118577152,0.0,0.0,102836.0,1.0,0.0,0.0,0.0,0.0,0.0,0.0
Sušice čp,P,3,3,1,0.17300000000000001,579.0,424.02,0.0,0.0,579.0,1.0,0.0,0.0,0.0,0.0,0.0,0.0
Svatava,K,3,3,1,0.0,2100.0,547.5,2096.22,0.9981999999999999,3.78,0.0018,0.0,0.0,0.0,0.0,0.0,0.0
Svatý Jan nad Malší,C,38,48,1,0.49,1735.0,504.4,0.0,0.0,0.0,0.0,1735.0,1.0,0.0,0.0,0.0,0.0
Sviadnov,T,4,4,3,41.951,293367.0,120.17046477620183,0.0,0.0,0.0,0.0,285131.0,0.9719259494080793,0.0,0.0,8236.0,0.0280740505919207
Svitavy,E,65,112,12,27.501,79115.0,507.52160336219436,0.0,0.0,79115.0,1.0,0.0,0.0,0.0,0.0,0.0,0.0
Svoboda nad Úpou,H,4,4,1,0.0,3629.0,475.8,2565.703,0.707,6.5322000000000005,0.0018000000000000002,1052.41,0.29000000000000004,4.717700000000001,0.0013000000000000002,0.0,0.0
Světlá Hora,T,12,8,4,1.333,3840.0,497.0101171875,0.0,0.0,3840.0,1.0,0.0,0.0,0.0,0.0,0.0,0.0
Světlá nad Sázavou,J,34,59,2,13.79,54311.0,483.3519655318444,0.0,0.0,54311.0,1.0,0.0,0.0,0.0,0.0,0.0,0.0
Světlá pod Ještědem,L,5,5,1,0.402,525.0,803.27,0.0,0.0,0.0,0.0,0.0,0.0,525.0,1.0,0.0,0.0
Sázava,S,29,29,2,33.35,15128.0,708.1399795081967,0.0,0.0,15128.0,1.0,0.0,0.0,0.0,0.0,0.0,0.0
Tachov,P,109,95,4,22.724,89611.0,583.6552602917053,0.0,0.0,89611.0,1.0,0.0,0.0,0.0,0.0,0.0,0.0
Tanvald,L,19,36,2,23.524,67621.0,388.84122121826056,0.0,0.0,67621.0,1.0,0.0,0.0,0.0,0.0,0.0,0.0
Tatce,S,2,2,1,0.22,282.0,842.87,0.0,0.0,0.0,0.0,0.0,0.0,282.0,1.0,0.0,0.0
Tašovice,K,4,4,1,0.47600000000000003,1415.0,667.0156183745582,0.0,0.0,1415.0,1.0,0.0,0.0,0.0,0.0,0.0,0.0
Telč,J,2,2,2,0.408,1537.0,574.0459596616787,0.0,0.0,1537.0,1.0,0.0,0.0,0.0,0.0,0.0,0.0
Temelín,C,49,88,1,6324.0,192270.0,193.81337390128468,0.0,0.0,19.227,0.0001,0.0,0.0,0.0,0.0,192250.77300000002,0.9999000000000001
Teplice,U,41,65,5,15.116,30734.0,555.8666567970325,3501.0753,0.11391538036051278,21477.6147,0.6988226296609618,1819.0,0.05918526713086484,0.0,0.0,3936.31,0.12807672284766056
Teplice Bílina Proboštov,U,247,1074,1,3.89,710608.0,535.7510558704658,610909.6976,0.8596999999999999,99698.3024,0.1403,0.0,0.0,0.0,0.0,0.0,0.0
Teplice nad Metují,H,2,4,1,0.72,3917.0,602.8244830227214,0.0,0.0,3917.0,1.0,0.0,0.0,0.0,0.0,0.0,0.0
Terezín,U,7,8,5,2.811,6763.0,554.3172541771404,0.0,0.0,6763.0,1.0,0.0,0.0,0.0,0.0,0.0,0.0
Tisová,K,61,115,3,782.433,560582.0,401.1078176430924,559353.3483999999,0.9978082571327654,1008.6515999999999,0.001799293591303324,220.0,0.00039244927593108593,0.0,0.0,0.0,0.0
Tišnov,B,122,111,19,17.087,56403.0,549.3357746928355,0.0,0.0,56403.0,1.0,0.0,0.0,0.0,0.0,0.0,0.0
Toužim,K,14,52,8,7.939,32539.0,452.3293278834629,0.0,0.0,32539.0,1.0,0.0,0.0,0.0,0.0,0.0,0.0
Tovačov,M,1,6,1,1.162,3037.0,511.61,0.0,0.0,3037.0,1.0,0.0,0.0,0.0,0.0,0.0,0.0
Trhové Sviny,C,125,125,1,14.7,26281.0,708.83,0.0,0.0,0.0,0.0,26281.0,1.0,0.0,0.0,0.0,0.0
Trmice,U,11,17,2,474.4,2950687.0,245.21181319807897,2919729.0308000003,0.9895082164933117,321.9,0.0001090932382865414,3224.2957000000006,0.0010927271174475642,7032.2908,0.002383272370129397,20088.706000000002,0.0068081453573354276
Trutnov,H,10,21,4,0.39,20260.0,560.6730276406713,12630.062999999998,0.6233989634748272,31.856,0.0015723593287265548,5181.294,0.2557400789733465,22.879,0.001129269496544916,2395.934,0.1182593287265548
Tupadly,S,1,1,1,1.126,4850.0,217.8,0.0,0.0,0.0,0.0,4850.0,1.0,0.0,0.0,0.0,0.0
Turnov,L,57,77,4,23.23,59010.0,578.3852465683782,0.0,0.0,59010.0,1.0,0.0,0.0,0.0,0.0,0.0,0.0
Tušimice,U,38,86,2,2044.6,480289.0,229.7491858235354,479763.114,0.9989050634097387,487.88849999999996,0.0010158227650435465,33.4378,6.962016619160548e-05,4.559699999999999,9.493659026128017e-06,0.0,0.0
Tábor,C,461,715,6,211.016,633794.0,576.8333364626361,602764.0142000001,0.9510408968844768,6745.978600000001,0.010643803191573289,901.0,0.0014215975537793036,379.7357999999999,0.0005991470414677323,23003.271399999998,0.036294555328703015
Týn nad Vltavou,C,705,818,1,0.0,108644.0,529.8684754795479,0.0,0.0,10.8644,0.0001,0.0,0.0,0.0,0.0,108633.13559999998,0.9998999999999998
Týnec nad Sázavou,S,73,83,1,25.087,32678.0,525.42,0.0,0.0,32678.0,1.0,0.0,0.0,0.0,0.0,0.0,0.0
Týniště nad Orlicí,H,24,24,2,4.073,13261.0,580.471410904155,0.0,0.0,13261.0,1.0,0.0,0.0,0.0,0.0,0.0,0.0
Třebelovice,J,1,1,1,0.496,1909.0,413.83,0.0,0.0,1909.0,1.0,0.0,0.0,0.0,0.0,0.0,0.0
Třeboň,C,9,10,5,3.654,22147.0,327.58816092473023,0.0,0.0,7458.0,0.33674989840610464,14689.0,0.6632501015938953,0.0,0.0,0.0,0.0
Třebíč,J,800,1000,7,106.006,670017.0,444.33492069604205,0.0,0.0,37578.5234,0.05608592528249283,632438.4765999999,0.9439140747175071,0.0,0.0,0.0,0.0
Třemošnice čp,E,4,5,1,0.499,2551.0,427.0,0.0,0.0,2551.0,1.0,0.0,0.0,0.0,0.0,0.0,0.0
Třemošná,P,16,28,3,6.521999999999999,15584.0,577.8544795944558,0.0,0.0,15168.0,0.973305954825462,416.0,0.026694045174537988,0.0,0.0,0.0,0.0
Třešť,J,13,21,1,3.84,11808.0,598.52,0.0,0.0,11808.0,1.0,0.0,0.0,0.0,0.0,0.0,0.0
Tři Sekery,K,1,1,1,0.05,22.0,557.96,0.0,0.0,0.0,0.0,0.0,0.0,22.0,1.0,0.0,0.0
Třinec,T,367,934,3,612.39,1903138.0,286.2502553099145,833329.2520000001,0.4378711643611762,32116.805999999993,0.01687571053701833,0.0,0.0,0.0,0.0,1037691.9419999999,0.5452531251018055
Třinecko,T,39,80,1,13.115,35015.0,491.68,0.0,0.0,34433.751000000004,0.9834000000000002,581.2489999999999,0.016599999999999997,0.0,0.0,0.0,0.0
Uherské Hradiště,Z,140,174,4,47.046,186486.0,565.2269675471617,179111.34,0.9604546185772659,7374.66,0.039545381422734144,0.0,0.0,0.0,0.0,0.0,0.0
Uherský Brod,Z,32,89,2,23.435000000000002,53194.0,585.7616560138362,0.0,0.0,53194.0,1.0,0.0,0.0,0.0,0.0,0.0,0.0
Uherský Ostroh,Z,2,2,2,13.34,31970.0,174.80002877697842,0.0,0.0,0.0,0.0,31970.0,1.0,0.0,0.0,0.0,0.0
Uhlířské Janovice,S,78,7,1,2.012,1877.0,656.0,1877.0,1.0,0.0,0.0,0.0,0.0,0.0,0.0,0.0,0.0
Unhošť,S,2,3,2,1.125,4145.0,388.6515874547648,0.0,0.0,4145.0,1.0,0.0,0.0,0.0,0.0,0.0,0.0
Uničov,M,38,107,10,20.904,60378.0,609.2802492629767,0.0,0.0,60378.0,1.0,0.0,0.0,0.0,0.0,0.0,0.0
Vacov,C,7,8,2,0.74,1942.0,747.0827909371781,1568.0,0.8074150360453141,0.0,0.0,0.0,0.0,374.0,0.19258496395468588,0.0,0.0
Valašská Bystřice,Z,68,68,1,1.5,5533.0,412.0,0.0,0.0,0.0,0.0,5533.0,1.0,0.0,0.0,0.0,0.0
Valašské Klobouky,Z,20,39,1,6.4,18643.0,654.3270643136834,0.0,0.0,18643.0,1.0,0.0,0.0,0.0,0.0,0.0,0.0
Valašské Meziříčí,Z,223,242,6,326.539,453880.0,421.8903997973033,0.0,0.0,151852.42560000002,0.33456513968449814,89.77600000000001,0.00019779677447783557,0.0,0.0,301937.79839999997,0.665237063541024
Vamberk,H,68,51,3,13.987,48737.0,493.9523269795022,0.0,0.0,48737.0,1.0,0.0,0.0,0.0,0.0,0.0,0.0
Varnsdorf,U,99,113,3,82.7,208562.0,510.59117916974327,106889.7056,0.5125080580355003,101672.2944,0.48749194196449974,0.0,0.0,0.0,0.0,0.0,0.0
Vejprty,U,11,42,1,9.126,31083.0,588.8899999999999,0.0,0.0,31083.0,1.0,0.0,0.0,0.0,0.0,0.0,0.0
Velehrad,Z,5,8,3,1.7020000000000002,5690.0,425.1735641476274,0.0,0.0,5690.0,1.0,0.0,0.0,0.0,0.0,0.0,0.0
Velešín,C,40,44,4,7.401,32802.0,446.09603530272545,0.0,0.0,32802.0,1.0,0.0,0.0,0.0,0.0,0.0,0.0
Velká Bystřice,M,1,1,1,0.09,29.0,623.06,0.0,0.0,29.0,1.0,0.0,0.0,0.0,0.0,0.0,0.0
Velká Bíteš,J,24,46,4,13.294,31187.0,484.92590438323657,0.0,0.0,15482.865600000001,0.4964525475358323,15704.1344,0.5035474524641678,0.0,0.0,0.0,0.0
Velké Albrechtice,T,3,3,3,0.237,721.0,409.0646047156727,0.0,0.0,721.0,1.0,0.0,0.0,0.0,0.0,0.0,0.0
Velké Bílovice,B,2,7,2,1.656,3949.0,571.4747961509242,0.0,0.0,3949.0,1.0,0.0,0.0,0.0,0.0,0.0,0.0
Velké Březno,U,5,9,6,0.7080000000000002,2136.0,432.9783239700374,0.0,0.0,2136.0,1.0,0.0,0.0,0.0,0.0,0.0,0.0
Velké Chvojno,U,2,1,1,0.696,2619.0,312.8,0.0,0.0,0.0,0.0,2454.003,0.937,164.997,0.063,0.0,0.0
Velké Hamry,L,27,49,1,5.82,20089.0,606.5950893523819,19906.1901,0.9909,0.0,0.0,0.0,0.0,182.80990000000003,0.009100000000000002,0.0,0.0
Velké Losiny,M,15,15,2,1.382,4099.0,523.7762112710417,0.0,0.0,4099.0,1.0,0.0,0.0,0.0,0.0,0.0,0.0
Velké Meziříčí,J,3,4,1,2.526,5023.0,523.25,0.0,0.0,5023.0,1.0,0.0,0.0,0.0,0.0,0.0,0.0
Velké Němčice,B,1,1,1,1.033,9418.0,159.27,0.0,0.0,0.0,0.0,9418.0,1.0,0.0,0.0,0.0,0.0
Velké Opatovice,B,20,20,10,3.253,10499.0,500.94657491189633,0.0,0.0,10499.0,1.0,0.0,0.0,0.0,0.0,0.0,0.0
Velké Přítočno,S,1,2,1,0.15,394.0,413.32,0.0,0.0,394.0,1.0,0.0,0.0,0.0,0.0,0.0,0.0
Velký Karlov,B,88,88,1,1.46,3571.0,425.0,0.0,0.0,0.0,0.0,3571.0,1.0,0.0,0.0,0.0,0.0
Velký Újezd,M,1,1,1,0.24,656.0,668.48,0.0,0.0,656.0,1.0,0.0,0.0,0.0,0.0,0.0,0.0
Velký Šenov,U,1,1,1,2.27,1373.0,496.17,0.0,0.0,1373.0,1.0,0.0,0.0,0.0,0.0,0.0,0.0
Verneřice,U,5,5,1,1.2209999999999999,2914.0,630.14,0.0,0.0,2914.0,1.0,0.0,0.0,0.0,0.0,0.0,0.0
Verušičky,K,1,4,1,0.34,1067.0,676.86,1067.0,1.0,0.0,0.0,0.0,0.0,0.0,0.0,0.0,0.0
Veselí nad Lužnicí,C,64,66,1,13.9,29299.0,729.69,375.0272,0.0128,28923.9728,0.9872,0.0,0.0,0.0,0.0,0.0,0.0
Veselí nad Moravou,B,31,63,15,19.29,63114.0,476.28060763063667,0.0,0.0,63114.0,1.0,0.0,0.0,0.0,0.0,0.0,0.0
Veverská Bítýška,B,3,3,3,0.5609999999999999,1393.0,364.139231873654,0.0,0.0,1393.0,1.0,0.0,0.0,0.0,0.0,0.0,0.0
Vidnava,M,2,2,2,0.383,1032.0,751.2248062015503,0.0,0.0,1032.0,1.0,0.0,0.0,0.0,0.0,0.0,0.0
Vigantice,Z,1,1,1,0.07,62.0,781.54,0.0,0.0,62.0,1.0,0.0,0.0,0.0,0.0,0.0,0.0
Vilémov,U,2,2,1,0.32,1299.0,649.99,0.0,0.0,0.0,0.0,1299.0,1.0,0.0,0.0,0.0,0.0
Vimperk,C,98,120,3,14.291,50534.0,675.701823326869,0.0,0.0,14180.821399999999,0.280619412672656,35610.9894,0.7046936597142518,742.1892,0.014686927613092177,0.0,0.0
Vintířov,K,12,27,1,0.0,10458.0,488.04,6615.730799999999,0.6325999999999999,66.9312,0.0064,0.0,0.0,0.0,0.0,3775.3379999999997,0.361
Višňová,L,4,5,1,0.32,1299.0,680.0,1299.0,1.0,0.0,0.0,0.0,0.0,0.0,0.0,0.0,0.0
Vlachovo Březí,C,4,4,1,0.861,2255.0,744.0,0.0,0.0,2255.0,1.0,0.0,0.0,0.0,0.0,0.0,0.0
Vlašim,S,56,170,2,20.064,64141.0,676.4724143683447,0.0,0.0,46446.4494,0.7241304220389454,17694.550600000002,0.2758695779610546,0.0,0.0,0.0,0.0
Volary,C,18,46,2,12.39,23369.0,674.1170845992553,11578.438,0.4954614232530275,11790.562,0.5045385767469724,0.0,0.0,0.0,0.0,0.0,0.0
Volyně,C,26,33,2,5.621,13751.0,556.2490604319686,0.0,0.0,11489.0,0.8355028725183623,2262.0,0.1644971274816377,0.0,0.0,0.0,0.0
Votice,S,11,34,2,5.609,26986.0,539.2108975024087,0.0,0.0,26986.0,1.0,0.0,0.0,0.0,0.0,0.0,0.0
Vranovská Ves,B,1,1,1,0.09699999999999999,492.0,282.9,0.0,0.0,492.0,1.0,0.0,0.0,0.0,0.0,0.0,0.0
Vratimov,T,45,23,1,16.0,25198.0,469.2,4563.3578,0.18109999999999998,5.0396,0.0002,0.0,0.0,0.0,0.0,20627.0828,0.8186
Vrbice,U,2,2,2,0.19,765.0,552.3357124183007,0.0,0.0,765.0,1.0,0.0,0.0,0.0,0.0,0.0,0.0
Vrbno pod Pradědem,T,12,70,5,10.809,27990.0,503.6080082172204,951.4934,0.0339940478742408,27038.5066,0.9660059521257592,0.0,0.0,0.0,0.0,0.0,0.0
Vrchlabí,H,46,76,5,46.263000000000005,131461.0,477.3110760605808,0.0,0.0,131461.0,1.0,0.0,0.0,0.0,0.0,0.0,0.0
Vsetin,Z,265,411,4,114.357,357090.0,554.1348521101122,64855.0,0.18162087989022374,292235.0,0.8183791201097762,0.0,0.0,0.0,0.0,0.0,0.0
Vsetín,Z,1,1,1,0.111,347.0,408.45,0.0,0.0,347.0,1.0,0.0,0.0,0.0,0.0,0.0,0.0
Vysoké Mýto,E,16,75,6,35.221,85504.0,470.7315370041167,0.0,0.0,85504.0,1.0,0.0,0.0,0.0,0.0,0.0,0.0
Vysočany,P,7,7,1,0.5,1756.0,848.3309339407745,0.0,0.0,1756.0,1.0,0.0,0.0,0.0,0.0,0.0,0.0
Vyškov,B,87,101,5,23.035999999999994,80939.0,600.2067156747675,0.0,0.0,79545.0,0.982777153164729,1394.0,0.017222846835271005,0.0,0.0,0.0,0.0
Vyšší Brod,C,14,25,1,3.1,8801.0,626.7269333030338,0.0,0.0,8801.0,1.0,0.0,0.0,0.0,0.0,0.0,0.0
Vítkov,T,27,79,2,8.934999999999999,36019.0,437.85415558455253,0.0,0.0,35937.4531,0.9977360032205225,0.0,0.0,0.0,0.0,81.5469,0.0022639967794774976
Vítkovice,T,62,187,4,211.29,851287.0,391.73871429964277,742356.3422,0.8720400313877693,107205.3922,0.1259333129720059,0.0,0.0,333.0,0.00039117242481090397,1392.2656,0.001635483215413838
Vý,J,1,1,1,0.716,1835.0,266.0,0.0,0.0,2.0185,0.0011,1832.9814999999999,0.9988999999999999,0.0,0.0,0.0,0.0
Výškov,U,1,1,1,0.529,5297.0,250.0,0.0,0.0,0.0,0.0,5297.0,1.0,0.0,0.0,0.0,0.0
Větrný Jeníkov,J,1,1,1,0.82,2166.0,549.34,0.0,0.0,0.0,0.0,2166.0,1.0,0.0,0.0,0.0,0.0
Větřkovice,T,1,1,1,0.5379999999999999,1113.0,278.3,0.0,0.0,0.0,0.0,1113.0,1.0,0.0,0.0,0.0,0.0
Větřní,C,31,93,2,9.718,33452.0,662.5315042448883,0.0,0.0,33452.0,1.0,0.0,0.0,0.0,0.0,0.0,0.0
Vřesová,K,2,4,1,2090.0,1716323.0,222.90628697512065,1085745.9297999998,0.6325999999999999,10984.4672,0.0063999999999999994,0.0,0.0,0.0,0.0,619592.603,0.361
Všehrdy,U,4,5,1,3.4,18197.0,416.98,0.0,0.0,18197.0,1.0,0.0,0.0,0.0,0.0,0.0,0.0
Všelibice,L,1,1,1,0.29,1950.0,533.57,1950.0,1.0,0.0,0.0,0.0,0.0,0.0,0.0,0.0,0.0
Zastávka u Brna,B,1,1,1,0.7909999999999999,1932.0,435.19,0.0,0.0,1932.0,1.0,0.0,0.0,0.0,0.0,0.0,0.0
Zašová,Z,2,2,2,0.844,1633.0,386.39260869565226,0.0,0.0,1633.0,1.0,0.0,0.0,0.0,0.0,0.0,0.0
Zbiroh,P,12,25,1,3.975,10492.0,591.1,0.0,0.0,10492.0,1.0,0.0,0.0,0.0,0.0,0.0,0.0
Zbyslavice,T,1,1,1,0.032,114.0,438.74,0.0,0.0,114.0,1.0,0.0,0.0,0.0,0.0,0.0,0.0
Zbůch,P,1,2,1,0.33,1074.0,430.68,0.0,0.0,1074.0,1.0,0.0,0.0,0.0,0.0,0.0,0.0
Zdíkov,C,6,8,1,1.2,2687.0,521.87,0.0,0.0,0.0,0.0,2203.34,0.8200000000000001,483.66,0.18000000000000002,0.0,0.0
Zlaté Hory,M,21,23,2,5.470000000000001,13966.0,672.3244307604183,0.0,0.0,577.0,0.04131462122297007,13389.0,0.95868537877703,0.0,0.0,0.0,0.0
Zlín,Z,1001,1703,10,652.302,3066767.0,457.0213042627628,2904086.7976,0.9469538434449047,28540.7283,0.00930645474533931,92548.21919999999,0.030177779792204623,1528.481,0.0004984014109973141,40021.6461,0.013050109806190036
Znojmo,B,106,191,7,43.461,117373.0,552.8603814335495,0.0,0.0,115878.4756,0.9872668807988209,0.0,0.0,0.0,0.0,1494.5244,0.012733119201179147
Zruč nad Sázavou,S,47,59,5,13.384,38954.0,555.7059000359397,0.0,0.0,21281.0978,0.5463135441803152,17672.9022,0.45368645581968475,0.0,0.0,0.0,0.0
Zubří,Z,17,37,7,4.799,17986.0,490.0575325252975,0.0,0.0,17986.0,1.0,0.0,0.0,0.0,0.0,0.0,0.0
Zvěřínek,S,3,5,1,4.8,5276.0,836.1000000000001,0.0,0.0,5276.0,1.0,0.0,0.0,0.0,0.0,0.0,0.0
Zábřeh,M,29,44,7,7.56,24207.0,661.1672813648945,0.0,0.0,24207.0,1.0,0.0,0.0,0.0,0.0,0.0,0.0
Zákupy,L,8,33,2,4.182,23120.0,582.3420644463667,0.0,0.0,23120.0,1.0,0.0,0.0,0.0,0.0,0.0,0.0
Zátor,T,4,8,1,0.62,3416.0,418.76,142.44719999999998,0.041699999999999994,3273.5527999999995,0.9582999999999998,0.0,0.0,0.0,0.0,0.0,0.0
Újezd u Brna,B,1,1,1,0.256,842.0,508.67,0.0,0.0,842.0,1.0,0.0,0.0,0.0,0.0,0.0,0.0
Úsilov,P,1,1,1,0.662,5120.0,138.0,0.0,0.0,0.0,0.0,5120.0,1.0,0.0,0.0,0.0,0.0
Ústi nad Labem,U,814,1152,6,0.6699999999999999,894124.0,542.3407119929673,883555.6733000001,0.9881802449101021,1595.4449,0.0017843664860802304,1111.2826,0.0012428730243232483,1876.0461,0.0020981945457229645,6074.6948,0.006794018279343805
Ústi nad Labem Povrly,U,8,16,2,2.834,9019.0,544.1321443619028,0.0,0.0,9019.0,1.0,0.0,0.0,0.0,0.0,0.0,0.0
Ústi nad Orlicí,E,9,9,9,1.8850000000000002,5951.0,544.7264863048227,0.0,0.0,5951.0,1.0,0.0,0.0,0.0,0.0,0.0,0.0
Ústí nad Labem,U,1024,1378,6,248.426,3044956.0,353.7759777119932,3012776.7303,0.989431942629056,6378.0201,0.0020946181488336775,2534.0513,0.000832212780742973,5528.8392,0.0018157369761664865,17738.359099999998,0.00582548946520081
Ústí nad Orlicí,E,52,105,16,23.910000000000007,103234.0,391.244503458163,0.0,0.0,103234.0,1.0,0.0,0.0,0.0,0.0,0.0,0.0
Úštěk,U,9,10,7,1.5450000000000004,3400.0,706.7873529411764,0.0,0.0,3400.0,1.0,0.0,0.0,0.0,0.0,0.0,0.0
Čachovice,S,1,1,1,0.2,635.0,667.23,0.0,0.0,0.0,0.0,635.0,1.0,0.0,0.0,0.0,0.0
Čechtice,S,1,1,1,1.22,7940.0,179.4,0.0,0.0,0.0,0.0,7940.0,1.0,0.0,0.0,0.0,0.0
Čeladná,T,9,15,6,1.7149999999999999,7379.0,503.62298956498176,0.0,0.0,7379.0,1.0,0.0,0.0,0.0,0.0,0.0,0.0
Čelákovice,S,66,131,4,17.107000000000003,61913.0,581.121315394182,0.0,0.0,61913.0,1.0,0.0,0.0,0.0,0.0,0.0,0.0
Černovice,P,1,1,1,0.55,2519.0,423.84,0.0,0.0,2519.0,1.0,0.0,0.0,0.0,0.0,0.0,0.0
Černošice,S,3,3,1,1.04,3044.0,427.91,0.0,0.0,3044.0,1.0,0.0,0.0,0.0,0.0,0.0,0.0
Černožice nad Labem,H,1,1,1,33.6,229822.0,469.2,229822.0,1.0,0.0,0.0,0.0,0.0,0.0,0.0,0.0,0.0
Černá Hora,B,1,3,1,0.526,1034.0,383.55,0.0,0.0,1034.0,1.0,0.0,0.0,0.0,0.0,0.0,0.0
Červená Voda,E,10,24,4,2.9589999999999996,13067.0,428.88967551848174,0.0,0.0,13067.0,1.0,0.0,0.0,0.0,0.0,0.0,0.0
Červený Kostelec,H,6,10,2,3.057,7956.0,617.0572687280041,0.0,0.0,7956.0,1.0,0.0,0.0,0.0,0.0,0.0,0.0
Česká Lípa,L,157,361,7,92.61399999999999,364501.0,507.7038328838603,0.0,0.0,364501.0,1.0,0.0,0.0,0.0,0.0,0.0,0.0
Česká Metuje,H,1,1,1,1.35,4688.0,163.3,0.0,0.0,0.0,0.0,4688.0,1.0,0.0,0.0,0.0,0.0
Česká Třebová,E,56,119,5,31.797000000000004,81104.0,389.5637482738213,8114.7197,0.10005326124482146,72217.0,0.8904246399684356,0.0,0.0,0.0,0.0,772.2803,0.009522098786742948
Česká Ves,M,4,8,2,1.3719999999999999,4884.0,428.95986486486487,0.0,0.0,4884.0,1.0,0.0,0.0,0.0,0.0,0.0,0.0
České Budějovice,C,1208,1843,19,457.85400000000004,1525144.0,511.65380101157655,1507488.3852,0.9884236407840833,17655.6148,0.011576359215916661,0.0,0.0,0.0,0.0,0.0,0.0
České Meziříčí,H,1,1,1,54.01,77.0,183.92,77.0,1.0,0.0,0.0,0.0,0.0,0.0,0.0,0.0,0.0
České Velenice,C,28,40,2,2.3,45399.0,444.0045857838278,0.0,0.0,0.0,0.0,45399.0,1.0,0.0,0.0,0.0,0.0
Český Brod,S,41,35,1,5.523,16633.0,618.6678013587446,0.0,0.0,16633.0,1.0,0.0,0.0,0.0,0.0,0.0,0.0
Český Dub,L,6,10,4,3.49,9186.0,535.3353026344437,0.0,0.0,9186.0,1.0,0.0,0.0,0.0,0.0,0.0,0.0
Český Krumlov,C,128,153,15,63.218,161926.0,486.05138050714527,246.4795,0.0015221737089781751,54761.0,0.3381853439225325,106918.52049999998,0.6602924823684893,0.0,0.0,0.0,0.0
Český Těšín,T,69,196,4,40.980000000000004,124816.0,574.8617696449172,0.0,0.0,124816.0,1.0,0.0,0.0,0.0,0.0,0.0,0.0
Český Těšín DIN,T,2,9,1,3.17,8117.0,616.0658901071824,0.0,0.0,8117.0,1.0,0.0,0.0,0.0,0.0,0.0,0.0
Čestlice,S,1,1,1,5.442,5998.0,395.0,0.0,0.0,5998.0,1.0,0.0,0.0,0.0,0.0,0.0,0.0
Čáslav,S,15,18,2,17.223,75910.0,327.8699807666974,0.0,0.0,17603.0,0.231893031221183,58307.0,0.768106968778817,0.0,0.0,0.0,0.0
Čáslavice,J,18,18,1,0.605,1064.0,200.0,0.0,0.0,0.0,0.0,1064.0,1.0,0.0,0.0,0.0,0.0
Čížkovice,U,1,1,1,0.217,812.0,671.3400000000001,0.0,0.0,812.0,1.0,0.0,0.0,0.0,0.0,0.0,0.0
Řevnice,S,1,2,1,0.32,471.0,389.6,0.0,0.0,471.0,1.0,0.0,0.0,0.0,0.0,0.0,0.0
Říčany,S,7,14,5,2.55,12001.0,487.6687751020748,0.0,0.0,4760.0,0.3966336138655112,7241.0,0.6033663861344888,0.0,0.0,0.0,0.0
Říčany u Prahy,S,15,11,2,3.3360000000000003,9018.0,500.15319361277454,0.0,0.0,9018.0,1.0,0.0,0.0,0.0,0.0,0.0,0.0
Šenov,T,1,3,1,1.1340000000000001,1763.0,574.7,0.0,0.0,1763.0,1.0,0.0,0.0,0.0,0.0,0.0,0.0
Šenov DIN,T,1,2,1,0.35200000000000004,1147.0,587.95,0.0,0.0,1147.0,1.0,0.0,0.0,0.0,0.0,0.0,0.0
Šenov u Nového Jičína,T,1,1,1,0.257,573.0,415.5,0.0,0.0,573.0,1.0,0.0,0.0,0.0,0.0,0.0,0.0
Ševětín,C,1,1,1,0.135,521.0,451.13,0.0,0.0,521.0,1.0,0.0,0.0,0.0,0.0,0.0,0.0
Škvorec,S,1,1,1,0.5479999999999999,2582.0,567.15,0.0,0.0,2582.0,1.0,0.0,0.0,0.0,0.0,0.0,0.0
Šlapanice,S,6,7,4,1.515,7455.0,305.4811374916163,0.0,0.0,2087.0,0.2799463447350771,5046.0,0.676861167002012,322.0,0.0431924882629108,0.0,0.0
Šluknov,U,1,1,1,1.25,3679.0,477.0,0.0,0.0,3679.0,1.0,0.0,0.0,0.0,0.0,0.0,0.0
Šternberk,M,52,64,8,19.037,56837.0,534.8574594014462,0.0,0.0,54637.0,0.9612928198180762,2200.0,0.03870718018192375,0.0,0.0,0.0,0.0
Štramberk,T,14,15,14,1.851,7265.0,385.52557192016513,0.0,0.0,7265.0,1.0,0.0,0.0,0.0,0.0,0.0,0.0
Štěnovice,P,1,1,1,0.653,2315.0,570.72,0.0,0.0,1026.008,0.44320000000000004,1288.992,0.5568,0.0,0.0,0.0,0.0
Štěpánkovice,T,1,1,1,0.81,1467.0,476.1,0.0,0.0,1467.0,1.0,0.0,0.0,0.0,0.0,0.0,0.0
Štěti,U,10,10,1,540.0,1068436.0,99.91345761468165,234735.38919999998,0.21969999999999998,18804.4736,0.0176,807523.9288,0.7558,7265.364800000001,0.006800000000000001,0.0,0.0
Štětí,U,361,438,1,0.0,143348.0,489.04357326227085,31493.5556,0.2197,2522.9248000000002,0.0176,108342.4184,0.7557999999999999,974.7664000000001,0.0068000000000000005,0.0,0.0
Šumperk,M,129,241,10,63.279,183404.0,491.9727178796536,0.0,0.0,160050.7426,0.8726676768227519,23353.257400000002,0.12733232317724805,0.0,0.0,0.0,0.0
Žalhostice,U,1,1,1,0.424,1095.0,444.57,0.0,0.0,1095.0,1.0,0.0,0.0,0.0,0.0,0.0,0.0
Žamberk,E,20,28,2,12.185000000000002,31640.0,407.8653375474083,0.0,0.0,21684.0,0.6853350189633376,9956.0,0.31466498103666246,0.0,0.0,0.0,0.0
Žatec,U,311,354,1,36.85,188388.0,522.2395089920802,30518.856,0.162,0.0,0.0,157699.5948,0.8371,169.54919999999998,0.0008999999999999999,0.0,0.0
Ždírec nad Doubravou,J,5,11,2,38.023,17867.0,282.1954687412548,0.0,0.0,1797.0,0.1005764817820563,16070.0,0.8994235182179436,0.0,0.0,0.0,0.0
Žebrák,S,2,2,1,0.27,909.0,691.7,0.0,0.0,909.0,1.0,0.0,0.0,0.0,0.0,0.0,0.0
Železná Ruda,P,23,31,2,4.533,10909.0,594.2734439453662,0.0,0.0,10909.0,1.0,0.0,0.0,0.0,0.0,0.0,0.0
Železné,B,1,3,1,0.07,158.0,473.14,0.0,0.0,158.0,1.0,0.0,0.0,0.0,0.0,0.0,0.0
Žernůvka,B,1,2,1,0.3,1197.0,465.54999999999995,0.0,0.0,1197.0,1.0,0.0,0.0,0.0,0.0,0.0,0.0
Židlochovice,B,14,30,1,0.863,3016.0,511.91,0.0,0.0,3016.0,1.0,0.0,0.0,0.0,0.0,0.0,0.0
Žihle,P,1,1,1,0.063,149.0,748.29,0.0,0.0,0.0,0.0,0.0,0.0,149.0,1.0,0.0,0.0
Žinkovy,P,1,1,1,0.518,2963.0,428.19,0.0,0.0,2963.0,1.0,0.0,0.0,0.0,0.0,0.0,0.0
Žlutice,K,83,108,1,7.9,25576.0,608.92,0.0,0.0,0.0,0.0,25576.0,1.0,0.0,0.0,0.0,0.0
Žďár nad Sázavou,J,353,498,5,102.718,501156.0,374.0634237243493,411552.5652,0.8212065009697579,39074.456,0.07796864848470336,24106.1536,0.04810109746266632,0.0,0.0,26422.8252,0.052723753082872395
